,unit_name,employee_unit,post_name,professional,person_num,person_num2,view,view2,detail,compare
0,国家物资储备局浙江办事处,国家物资储备局浙江办事处,人事与安全保卫处主任科员及以下,安全工程及相关专业,1,0,查看,查看,详情,对比
1,国家物资储备局浙江办事处,国家物资储备局浙江办事处,财务与仓管基建处主任科员及以下,财务管理、会计学专业,1,0,查看,查看,详情,对比
2,浙江海事局,宁波海事局,穿山海事处科员（一）,航海技术/船舶驾驶,4,0,查看,查看,详情,对比
3,浙江海事局,宁波海事局,北仑海事处科员（一）,航海技术/船舶驾驶,3,0,查看,查看,详情,对比
4,浙江海事局,宁波海事局,大榭海事处科员（一）,轮机工程/轮机管理,2,0,查看,查看,详情,对比
5,浙江海事局,宁波海事局,镇海海事处科员（一）,轮机工程/轮机管理,3,0,查看,查看,详情,对比
6,浙江海事局,宁波海事局,北仑海事处科员（二）,海事管理/海上交通工程,2,0,查看,查看,详情,对比
7,浙江海事局,宁波海事局,三江口海事处科员（一）,海事管理/海上交通工程/海商法,1,0,查看,查看,详情,对比
8,浙江海事局,宁波海事局,大榭海事处科员（二）,交通信息工程及控制 /交通运输规划与管理/载运工具运用工程,3,0,查看,查看,详情,对比
9,浙江海事局,宁波海事局,鄞奉海事处科员（一）,电子信息类/计算机类,1,0,查看,查看,详情,对比
10,浙江海事局,宁波海事局,梅山海事处科员（一）,国际关系/国际政治/外交学,1,0,查看,查看,详情,对比
11,浙江海事局,宁波海事局,鄞奉海事处科员（二）,土木工程/建筑环境与能源应用工程,1,0,查看,查看,详情,对比
12,浙江海事局,宁波海事局,梅山海事处科员（二）,环境科学/环境工程/环境科学与工程,3,0,查看,查看,详情,对比
13,浙江海事局,宁波海事局,穿山海事处科员（二）,法学类,2,0,查看,查看,详情,对比
14,浙江海事局,宁波海事局,镇海海事处科员（二）,汉语言/汉语言文学/汉语言文字学/语言学与应用语言学,1,0,查看,查看,详情,对比
15,浙江海事局,宁波海事局,穿山海事处科员（三）,新闻学/传播学,1,0,查看,查看,详情,对比
16,浙江海事局,宁波海事局,镇海海事处科员（三）,区域经济学/产业经济学/国际贸易学/数量经济学/世界经济,2,0,查看,查看,详情,对比
17,浙江海事局,宁波海事局,梅山海事处科员（三）,行政管理/劳动与社会保障/档案学,1,0,查看,查看,详情,对比
18,浙江海事局,宁波海事局,象山海事处科员（一）,工商管理类/图书情报与档案管理类,2,0,查看,查看,详情,对比
19,浙江海事局,宁波海事局,象山海事处科员（二）,化学类/环境科学/环境工程/环境科学与工程,1,0,查看,查看,详情,对比
20,浙江海事局,宁波海事局,宁海海事处科员,交通运输类/土木类/建筑类,1,0,查看,查看,详情,对比
21,浙江海事局,宁波海事局,北仑海事处科员（三）,公共管理类/统计学类,1,0,查看,查看,详情,对比
22,浙江海事局,宁波海事局,三江口海事处科员（二）,电子信息类/自动化类/计算机类,1,0,查看,查看,详情,对比
23,浙江海事局,宁波海事局,大榭海事处科员（三）,航海技术/船舶驾驶,2,0,查看,查看,详情,对比
24,浙江海事局,宁波海事局,三江口海事处科员（三）,轮机工程/轮机管理,1,0,查看,查看,详情,对比
25,浙江海事局,舟山海事局,岱山海事处科员（一）,航海技术/船舶驾驶,2,0,查看,查看,详情,对比
26,浙江海事局,舟山海事局,岙山海事处科员（一）,航海技术/船舶驾驶,3,0,查看,查看,详情,对比
27,浙江海事局,舟山海事局,嵊泗海事处科员（一）,轮机工程/轮机管理,1,0,查看,查看,详情,对比
28,浙江海事局,舟山海事局,嵊泗海事处科员（二）,轮机工程/轮机管理,2,0,查看,查看,详情,对比
29,浙江海事局,舟山海事局,沈家门海事处科员（一）,海事管理/海上交通工程/海商法,2,0,查看,查看,详情,对比
30,浙江海事局,舟山海事局,普陀山海事处科员（一）,海事管理/海上交通工程,1,0,查看,查看,详情,对比
31,浙江海事局,舟山海事局,普陀山海事处科员（二）,交通信息工程及控制 /交通运输规划与管理/载运工具运用工程,1,0,查看,查看,详情,对比
32,浙江海事局,舟山海事局,岱山海事处科员（二）,船舶与海洋工程/海洋工程与技术/船舶与海洋结构物设计制造,2,0,查看,查看,详情,对比
33,浙江海事局,舟山海事局,岙山海事处科员（二）,船舶与海洋工程/海洋工程与技术/船舶与海洋结构物设计制造,1,0,查看,查看,详情,对比
34,浙江海事局,舟山海事局,岱山海事处科员（三）,港口航道与海岸工程/港口、海岸及近海工程/水利水电工程,1,0,查看,查看,详情,对比
35,浙江海事局,舟山海事局,岙山海事处科员（三）,港口航道与海岸工程/港口、海岸及近海工程/水利水电工程,1,0,查看,查看,详情,对比
36,浙江海事局,舟山海事局,定海海事处科员（一）,交通运输/交通工程/交通管理/物流管理与工程类,2,0,查看,查看,详情,对比
37,浙江海事局,舟山海事局,嵊泗海事处科员（三）,环境科学/环境工程/环境科学与工程,1,0,查看,查看,详情,对比
38,浙江海事局,舟山海事局,岱山海事处科员（四）,财务管理/会计学,1,0,查看,查看,详情,对比
39,浙江海事局,舟山海事局,岱山海事处科员（五）,电子信息类,1,0,查看,查看,详情,对比
40,浙江海事局,舟山海事局,岱山海事处科员（六）,公共管理类/工商管理类,1,0,查看,查看,详情,对比
41,浙江海事局,舟山海事局,岱山海事处科员（七）,法学类,1,0,查看,查看,详情,对比
42,浙江海事局,舟山海事局,嵊泗海事处科员（四）,公共管理类,1,0,查看,查看,详情,对比
43,浙江海事局,舟山海事局,沈家门海事处科员（二）,财务管理/会计学,1,0,查看,查看,详情,对比
44,浙江海事局,舟山海事局,岙山海事处科员（四）,工商管理类/经济学类,1,0,查看,查看,详情,对比
45,浙江海事局,舟山海事局,普陀山海事处科员（三）,汉语言/汉语言文学/汉语言文字学/语言学与应用语言学,1,0,查看,查看,详情,对比
46,浙江海事局,舟山海事局,沈家门海事处科员（三）,航海技术/船舶驾驶,1,0,查看,查看,详情,对比
47,浙江海事局,舟山海事局,定海海事处科员（二）,轮机工程/轮机管理,1,0,查看,查看,详情,对比
48,浙江海事局,温州海事局,瓯江海事处科员,航海技术/船舶驾驶,2,0,查看,查看,详情,对比
49,浙江海事局,温州海事局,乐清湾海事处科员（一）,航海技术/船舶驾驶,2,0,查看,查看,详情,对比
50,浙江海事局,温州海事局,洞头海事处科员（一）,轮机工程/轮机管理,2,0,查看,查看,详情,对比
51,浙江海事局,温州海事局,飞云江海事处科员（一）,轮机工程/轮机管理,2,0,查看,查看,详情,对比
52,浙江海事局,温州海事局,乐清湾海事处科员（二）,港口航道与海岸工程/水利水电工程/土木工程,1,0,查看,查看,详情,对比
53,浙江海事局,温州海事局,乐清湾海事处科员（三）,新闻传播学类,1,0,查看,查看,详情,对比
54,浙江海事局,温州海事局,鳌江海事处科员,计算机科学与技术/软件工程/网络工程/信息安全/电子信息类,1,0,查看,查看,详情,对比
55,浙江海事局,温州海事局,洞头海事处科员（二）,环境科学/环境工程/环境科学与工程/化学类/化学工程与技术类,1,0,查看,查看,详情,对比
56,浙江海事局,温州海事局,飞云江海事处科员（二）,档案学,1,0,查看,查看,详情,对比
57,浙江海事局,温州海事局,洞头海事处科员（三）,法学类,1,0,查看,查看,详情,对比
58,浙江海事局,温州海事局,飞云江海事处科员（三）,经济学类,1,0,查看,查看,详情,对比
59,浙江海事局,台州海事局,椒江海事处科员（一）,航海技术/船舶驾驶,2,0,查看,查看,详情,对比
60,浙江海事局,台州海事局,椒江海事处科员（二）,航海技术/船舶驾驶,1,0,查看,查看,详情,对比
61,浙江海事局,台州海事局,椒江海事处科员（三）,轮机工程/轮机管理,1,0,查看,查看,详情,对比
62,浙江海事局,台州海事局,椒江海事处科员（四）,轮机工程/轮机管理,1,0,查看,查看,详情,对比
63,浙江海事局,台州海事局,椒江海事处科员（五）,海事管理/海上交通工程/海商法,2,0,查看,查看,详情,对比
64,浙江海事局,台州海事局,玉环海事处科员（一）,计算机科学与技术/软件工程/网络工程/信息安全,1,0,查看,查看,详情,对比
65,浙江海事局,台州海事局,玉环海事处科员（二）,法学类,1,0,查看,查看,详情,对比
66,浙江海事局,台州海事局,玉环海事处科员（三）,新闻传播学类,1,0,查看,查看,详情,对比
67,浙江海事局,台州海事局,玉环海事处科员（四）,图书情报与档案管理类,1,0,查看,查看,详情,对比
68,浙江海事局,台州海事局,温岭海事处科员,法学类,1,0,查看,查看,详情,对比
69,浙江海事局,杭州海事局,海巡执法支队科员（一）,法学类,1,0,查看,查看,详情,对比
70,浙江海事局,杭州海事局,海巡执法支队科员（二）,海事管理/海上交通工程/船舶与海洋工程/海洋工程与技术/船舶与海洋结构物设计制造/船舶电子电气工程,1,0,查看,查看,详情,对比
71,浙江海事局,杭州海事局,浙江绍兴海事处科员,航海技术/船舶驾驶/轮机工程/轮机管理,1,0,查看,查看,详情,对比
72,杭州海关,温州海关,海关稽查,会计学,1,0,查看,查看,详情,对比
73,杭州海关,舟山海关,海关综合,法学、知识产权、人力资源管理、行政管理,1,0,查看,查看,详情,对比
74,杭州海关,舟山海关,海关财务,财务管理,1,0,查看,查看,详情,对比
75,杭州海关,舟山海关,海关技术,计算机科学与技术,1,0,查看,查看,详情,对比
76,杭州海关,台州海关,海关稽查,会计学,1,0,查看,查看,详情,对比
77,杭州海关,嘉兴海关,海关货物查验,林学、化学,2,0,查看,查看,详情,对比
78,杭州海关,绍兴海关,海关法制,法学,1,0,查看,查看,详情,对比
79,杭州海关,绍兴海关,海关技术,计算机科学与技术,1,0,查看,查看,详情,对比
80,杭州海关,湖州海关,海关技术,计算机科学与技术、软件工程、网络工程、信息安全、物联网工程、数字媒体技术,1,0,查看,查看,详情,对比
81,杭州海关,湖州海关,海关综合,汉语言文学,1,0,查看,查看,详情,对比
82,杭州海关,金华海关,海关货物查验,森林工程、木材科学与工程,1,0,查看,查看,详情,对比
83,杭州海关,杭州经济技术开发区海关,海关货物查验,化学工程与工艺,1,0,查看,查看,详情,对比
84,杭州海关,杭州萧山机场海关,海关货物查验（一）,化学工程与工艺、化学、应用化学、制药工程,1,0,查看,查看,详情,对比
85,杭州海关,杭州萧山机场海关,海关货物查验（二）,计算机科学与技术,1,0,查看,查看,详情,对比
86,杭州海关,杭州萧山机场海关,海关法制,法学,1,0,查看,查看,详情,对比
87,杭州海关,杭州萧山机场海关,海关综合,经济学,1,0,查看,查看,详情,对比
88,杭州海关,杭州萧山机场海关,口岸现场旅客检查,阿拉伯语、德语,1,0,查看,查看,详情,对比
89,杭州海关,衢州海关,海关财务,会计学,1,0,查看,查看,详情,对比
90,杭州海关,丽水海关,海关技术,计算机科学与技术,1,0,查看,查看,详情,对比
91,杭州海关,义乌海关,海关货物查验（一）,国际经济与贸易,1,0,查看,查看,详情,对比
92,杭州海关,义乌海关,海关货物查验（二）,电子商务、物流管理、物流工程,1,0,查看,查看,详情,对比
93,杭州海关,杭州地区办事处,海关技术,计算机科学与技术,1,0,查看,查看,详情,对比
94,杭州海关,杭州地区办事处,海关法制,法学,1,0,查看,查看,详情,对比
95,杭州海关,隶属海关,海关业务,海关管理,3,0,查看,查看,详情,对比
96,宁波海关,隶属海关,海关业务,海关管理,11,0,查看,查看,详情,对比
97,宁波海关,隶属海关,监管,哲学、经济学、法学、教育学、文学、历史学、理学、工学、管理学,3,0,查看,查看,详情,对比
98,宁波海关,隶属海关,技术,计算机科学与技术、软件工程,2,0,查看,查看,详情,对比
99,宁波海关,隶属海关缉私分局,法制,宪法学与行政法学、刑法学、诉讼法学、经济法学、国际法学,1,0,查看,查看,详情,对比
100,浙江省国家税务局,杭州市上城区国家税务局,纳税服务科科员（一）,公共管理类,1,0,查看,查看,详情,对比
101,浙江省国家税务局,杭州市上城区国家税务局,纳税服务科科员（二）,工商管理类,1,0,查看,查看,详情,对比
102,浙江省国家税务局,杭州市上城区国家税务局,纳税服务科科员（三）,财政学类,1,0,查看,查看,详情,对比
103,浙江省国家税务局,杭州市下城区国家税务局,纳税服务科科员（一）,财政学类,2,0,查看,查看,详情,对比
104,浙江省国家税务局,杭州市下城区国家税务局,纳税服务科科员（二）,财政学类、工商管理类、经济学类,1,0,查看,查看,详情,对比
105,浙江省国家税务局,杭州市下城区国家税务局,办公室科员,新闻传播学类,1,0,查看,查看,详情,对比
106,浙江省国家税务局,杭州市下城区国家税务局,征收管理科科员,计算机类,1,0,查看,查看,详情,对比
107,浙江省国家税务局,杭州市下城区国家税务局,政策法规科科员,法学类,1,0,查看,查看,详情,对比
108,浙江省国家税务局,杭州市江干区国家税务局,纳税服务科科员（一）,财政学类,1,0,查看,查看,详情,对比
109,浙江省国家税务局,杭州市江干区国家税务局,纳税服务科科员（二）,法学类,1,0,查看,查看,详情,对比
110,浙江省国家税务局,杭州市西湖区国家税务局,之江分局科员（一）,财政学类、工商管理类,2,0,查看,查看,详情,对比
111,浙江省国家税务局,杭州市西湖区国家税务局,之江分局科员（二）,财政学类、工商管理类,2,0,查看,查看,详情,对比
112,浙江省国家税务局,杭州市西湖区国家税务局,之江分局科员（三）,财政学类,1,0,查看,查看,详情,对比
113,浙江省国家税务局,杭州市西湖区国家税务局,之江分局科员（四）,财政学类,1,0,查看,查看,详情,对比
114,浙江省国家税务局,杭州市西湖区国家税务局,之江分局科员（五）,工商管理类,1,0,查看,查看,详情,对比
115,浙江省国家税务局,杭州市西湖区国家税务局,之江分局科员（六）,工商管理类,1,0,查看,查看,详情,对比
116,浙江省国家税务局,杭州市西湖区国家税务局,之江分局科员（七）,法学类,1,0,查看,查看,详情,对比
117,浙江省国家税务局,杭州市西湖区国家税务局,之江分局科员（八）,法学类,1,0,查看,查看,详情,对比
118,浙江省国家税务局,杭州市西湖区国家税务局,之江分局科员（九）,计算机类,1,0,查看,查看,详情,对比
119,浙江省国家税务局,杭州市西湖区国家税务局,之江分局科员（十）,计算机类,1,0,查看,查看,详情,对比
120,浙江省国家税务局,杭州市西湖区国家税务局,之江分局科员（十一）,计算机类,1,0,查看,查看,详情,对比
121,浙江省国家税务局,杭州市西湖区国家税务局,之江分局科员（十二）,财政学类,1,0,查看,查看,详情,对比
122,浙江省国家税务局,杭州市西湖区国家税务局,之江分局科员（十三）,财政学类,1,0,查看,查看,详情,对比
123,浙江省国家税务局,杭州市西湖区国家税务局,之江分局科员（十四）,经济学类,1,0,查看,查看,详情,对比
124,浙江省国家税务局,杭州市西湖区国家税务局,之江分局科员（十五）,财政学类、工商管理类、计算机类,1,0,查看,查看,详情,对比
125,浙江省国家税务局,杭州市拱墅区国家税务局,纳税服务科科员（一）,财政学类、经济学类,2,0,查看,查看,详情,对比
126,浙江省国家税务局,杭州市拱墅区国家税务局,纳税服务科科员（二）,法学类,1,0,查看,查看,详情,对比
127,浙江省国家税务局,杭州市拱墅区国家税务局,纳税服务科科员（三）,计算机类,1,0,查看,查看,详情,对比
128,浙江省国家税务局,杭州市滨江区国家税务局,高新税务分局科员（一）,财政学类,1,0,查看,查看,详情,对比
129,浙江省国家税务局,杭州市滨江区国家税务局,高新税务分局科员（二）,财政学类,1,0,查看,查看,详情,对比
130,浙江省国家税务局,杭州市滨江区国家税务局,纳税服务科科员,计算机类,1,0,查看,查看,详情,对比
131,浙江省国家税务局,杭州经济技术开发区国家税务局,税源管理科科员,财政学类,2,0,查看,查看,详情,对比
132,浙江省国家税务局,杭州经济技术开发区国家税务局,纳税服务科科员,工商管理类,1,0,查看,查看,详情,对比
133,浙江省国家税务局,杭州经济技术开发区国家税务局,办公室科员,新闻传播学类,1,0,查看,查看,详情,对比
134,浙江省国家税务局,杭州西湖风景名胜区国家税务局,纳税服务科科员（一）,财政学类、经济学类,1,0,查看,查看,详情,对比
135,浙江省国家税务局,杭州西湖风景名胜区国家税务局,纳税服务科科员（二）,财政学类、工商管理类,1,0,查看,查看,详情,对比
136,浙江省国家税务局,杭州西湖风景名胜区国家税务局,税源管理科科员（一）,计算机类,1,0,查看,查看,详情,对比
137,浙江省国家税务局,杭州西湖风景名胜区国家税务局,税源管理科科员（二）,工商管理类,1,0,查看,查看,详情,对比
138,浙江省国家税务局,杭州大江东产业集聚区国家税务局,政策法规科科员,法学类,1,0,查看,查看,详情,对比
139,浙江省国家税务局,杭州大江东产业集聚区国家税务局,征收管理科科员（一）,计算机类,1,0,查看,查看,详情,对比
140,浙江省国家税务局,杭州大江东产业集聚区国家税务局,征收管理科科员（二）,财政学类,2,0,查看,查看,详情,对比
141,浙江省国家税务局,杭州大江东产业集聚区国家税务局,税源管理科科员(一),工商管理类,1,0,查看,查看,详情,对比
142,浙江省国家税务局,杭州大江东产业集聚区国家税务局,税源管理科科员（二）,财政学类、工商管理类、计算机类,1,0,查看,查看,详情,对比
143,浙江省国家税务局,杭州市萧山区国家税务局,开发区税务分局科员（一）,财政学类,1,0,查看,查看,详情,对比
144,浙江省国家税务局,杭州市萧山区国家税务局,开发区税务分局科员（二）,财政学类,1,0,查看,查看,详情,对比
145,浙江省国家税务局,杭州市萧山区国家税务局,开发区税务分局科员（三）,财政学类,1,0,查看,查看,详情,对比
146,浙江省国家税务局,杭州市萧山区国家税务局,开发区税务分局科员（四）,财政学类,1,0,查看,查看,详情,对比
147,浙江省国家税务局,杭州市萧山区国家税务局,瓜沥税务分局科员（一）,经济与贸易类,1,0,查看,查看,详情,对比
148,浙江省国家税务局,杭州市萧山区国家税务局,瓜沥税务分局科员（二）,法学类,1,0,查看,查看,详情,对比
149,浙江省国家税务局,杭州市萧山区国家税务局,瓜沥税务分局科员（三）,统计学类,1,0,查看,查看,详情,对比
150,浙江省国家税务局,杭州市萧山区国家税务局,瓜沥税务分局科员（四）,计算机类,1,0,查看,查看,详情,对比
151,浙江省国家税务局,杭州市萧山区国家税务局,瓜沥税务分局科员（五）,工商管理类、新闻传播学类、计算机类,2,0,查看,查看,详情,对比
152,浙江省国家税务局,杭州市萧山区国家税务局,稽查局科员（一）,金融学类,1,0,查看,查看,详情,对比
153,浙江省国家税务局,杭州市萧山区国家税务局,稽查局科员（二）,工商管理类,1,0,查看,查看,详情,对比
154,浙江省国家税务局,杭州市余杭区国家税务局,塘栖分局科员（一）,财政学类,1,0,查看,查看,详情,对比
155,浙江省国家税务局,杭州市余杭区国家税务局,塘栖分局科员（二）,财政学类,1,0,查看,查看,详情,对比
156,浙江省国家税务局,杭州市余杭区国家税务局,塘栖分局科员（三）,财政学类,1,0,查看,查看,详情,对比
157,浙江省国家税务局,杭州市余杭区国家税务局,塘栖分局科员（四）,财政学类,1,0,查看,查看,详情,对比
158,浙江省国家税务局,杭州市余杭区国家税务局,良渚分局科员（一）,经济学类,1,0,查看,查看,详情,对比
159,浙江省国家税务局,杭州市余杭区国家税务局,良渚分局科员（二）,经济学类,1,0,查看,查看,详情,对比
160,浙江省国家税务局,杭州市余杭区国家税务局,余杭分局科员,新闻传播学类,1,0,查看,查看,详情,对比
161,浙江省国家税务局,杭州市余杭区国家税务局,瓶窑分局科员,工商管理类,1,0,查看,查看,详情,对比
162,浙江省国家税务局,杭州市富阳区国家税务局,场口分局科员（一）,财政学类,1,0,查看,查看,详情,对比
163,浙江省国家税务局,杭州市富阳区国家税务局,场口分局科员（二）,财政学类,1,0,查看,查看,详情,对比
164,浙江省国家税务局,杭州市富阳区国家税务局,大源分局科员（一）,工商管理类,1,0,查看,查看,详情,对比
165,浙江省国家税务局,杭州市富阳区国家税务局,大源分局科员（二）,工商管理类,1,0,查看,查看,详情,对比
166,浙江省国家税务局,杭州市富阳区国家税务局,纳税服务科科员,财政学类、工商管理类、法学类、计算机类,1,0,查看,查看,详情,对比
167,浙江省国家税务局,临安市国家税务局,基层税务分局科员（一）,财政学类,2,0,查看,查看,详情,对比
168,浙江省国家税务局,临安市国家税务局,基层税务分局科员（二）,财政学类,2,0,查看,查看,详情,对比
169,浙江省国家税务局,临安市国家税务局,基层税务分局科员（三）,财政学类、工商管理类、法学类、计算机类,1,0,查看,查看,详情,对比
170,浙江省国家税务局,临安市国家税务局,稽查局科员,计算机类,1,0,查看,查看,详情,对比
171,浙江省国家税务局,临安市国家税务局,办公室科员,新闻传播学类,1,0,查看,查看,详情,对比
172,浙江省国家税务局,临安市国家税务局,政策法规科科员,法学类,1,0,查看,查看,详情,对比
173,浙江省国家税务局,建德市国家税务局,基层税务分局科员（一）,财政学类、工商管理类、法学类、计算机类,3,0,查看,查看,详情,对比
174,浙江省国家税务局,建德市国家税务局,基层税务分局科员（二）,财政学类、工商管理类,1,0,查看,查看,详情,对比
175,浙江省国家税务局,建德市国家税务局,基层税务分局科员（三）,财政学类、工商管理类,2,0,查看,查看,详情,对比
176,浙江省国家税务局,建德市国家税务局,基层税务分局科员（四）,财政学类、工商管理类,2,0,查看,查看,详情,对比
177,浙江省国家税务局,建德市国家税务局,基层税务分局科员（五）,计算机类,1,0,查看,查看,详情,对比
178,浙江省国家税务局,建德市国家税务局,基层税务分局科员（六）,计算机类,1,0,查看,查看,详情,对比
179,浙江省国家税务局,桐庐县国家税务局,稽查局科员（一）,工商管理类,1,0,查看,查看,详情,对比
180,浙江省国家税务局,桐庐县国家税务局,稽查局科员（二）,工商管理类,1,0,查看,查看,详情,对比
181,浙江省国家税务局,桐庐县国家税务局,纳税服务科科员（一）,法学类,1,0,查看,查看,详情,对比
182,浙江省国家税务局,桐庐县国家税务局,纳税服务科科员（二）,财政学类、金融学类、工商管理类、法学类、计算机类,2,0,查看,查看,详情,对比
183,浙江省国家税务局,桐庐县国家税务局,基层税务分局科员（一）,中国语言文学类,1,0,查看,查看,详情,对比
184,浙江省国家税务局,桐庐县国家税务局,基层税务分局科员（二）,中国语言文学类,1,0,查看,查看,详情,对比
185,浙江省国家税务局,桐庐县国家税务局,基层税务分局科员（三）,计算机类,1,0,查看,查看,详情,对比
186,浙江省国家税务局,淳安县国家税务局,稽查局科员（一）,财政学类、工商管理类,2,0,查看,查看,详情,对比
187,浙江省国家税务局,淳安县国家税务局,稽查局科员（二）,财政学类、工商管理类,2,0,查看,查看,详情,对比
188,浙江省国家税务局,淳安县国家税务局,稽查局科员（三）,财政学类、法学类,1,0,查看,查看,详情,对比
189,浙江省国家税务局,淳安县国家税务局,稽查局科员（四）,财政学类、法学类,1,0,查看,查看,详情,对比
190,浙江省国家税务局,淳安县国家税务局,基层税务分局科员,统计学类、管理科学与工程类,1,0,查看,查看,详情,对比
191,浙江省国家税务局,淳安县国家税务局,纳税服务科科员,财政学类、新闻传播学类、法学类、工商管理类,2,0,查看,查看,详情,对比
192,浙江省国家税务局,温州市国家税务局,科员,经济学类,1,0,查看,查看,详情,对比
193,浙江省国家税务局,温州市国家税务局,稽查局科员（一）,财政学类,1,0,查看,查看,详情,对比
194,浙江省国家税务局,温州市国家税务局,稽查局科员（二）,财政学类,1,0,查看,查看,详情,对比
195,浙江省国家税务局,温州市鹿城区国家税务局,基层税务分局科员（一）,财政学类,1,0,查看,查看,详情,对比
196,浙江省国家税务局,温州市鹿城区国家税务局,基层税务分局科员（二）,财政学类,1,0,查看,查看,详情,对比
197,浙江省国家税务局,温州市鹿城区国家税务局,基层税务分局科员（三）,工商管理类,1,0,查看,查看,详情,对比
198,浙江省国家税务局,温州市鹿城区国家税务局,基层税务分局科员（四）,工商管理类,1,0,查看,查看,详情,对比
199,浙江省国家税务局,温州市鹿城区国家税务局,政策法规科科员,法学类,1,0,查看,查看,详情,对比
200,浙江省国家税务局,温州市鹿城区国家税务局,纳税服务科科员,经济学类、新闻传播学类、计算机类、工商管理类,1,0,查看,查看,详情,对比
201,浙江省国家税务局,乐清市国家税务局,基层税务分局科员（一）,财政学类,2,0,查看,查看,详情,对比
202,浙江省国家税务局,乐清市国家税务局,基层税务分局科员（二）,财政学类,2,0,查看,查看,详情,对比
203,浙江省国家税务局,乐清市国家税务局,基层税务分局科员（三）,工商管理类,1,0,查看,查看,详情,对比
204,浙江省国家税务局,乐清市国家税务局,基层税务分局科员（四）,工商管理类,1,0,查看,查看,详情,对比
205,浙江省国家税务局,乐清市国家税务局,基层税务分局科员（五）,计算机类,1,0,查看,查看,详情,对比
206,浙江省国家税务局,乐清市国家税务局,基层税务分局科员（六）,财政学类、工商管理类,1,0,查看,查看,详情,对比
207,浙江省国家税务局,瑞安市国家税务局,基层税务分局科员（一）,财政学类,1,0,查看,查看,详情,对比
208,浙江省国家税务局,瑞安市国家税务局,基层税务分局科员（二）,工商管理类,1,0,查看,查看,详情,对比
209,浙江省国家税务局,瑞安市国家税务局,基层税务分局科员（三）,计算机类,1,0,查看,查看,详情,对比
210,浙江省国家税务局,瑞安市国家税务局,办公室科员,新闻传播学类,1,0,查看,查看,详情,对比
211,浙江省国家税务局,瑞安市国家税务局,税源管理科科员,经济学类、财政学类、法学类,1,0,查看,查看,详情,对比
212,浙江省国家税务局,永嘉县国家税务局,税源管理科科员,财政学类,2,0,查看,查看,详情,对比
213,浙江省国家税务局,永嘉县国家税务局,纳税服务科科员,工商管理类,2,0,查看,查看,详情,对比
214,浙江省国家税务局,苍南县国家税务局,基层税务分局科员（一）,财政学类,4,0,查看,查看,详情,对比
215,浙江省国家税务局,苍南县国家税务局,基层税务分局科员（二）,财政学类,4,0,查看,查看,详情,对比
216,浙江省国家税务局,苍南县国家税务局,稽查局科员,财政学类、工商管理类、法学类,2,0,查看,查看,详情,对比
217,浙江省国家税务局,绍兴市国家税务局,稽查局科员（一）,财政学类、工商管理类、法学类,2,0,查看,查看,详情,对比
218,浙江省国家税务局,绍兴市国家税务局,稽查局科员（二）,财政学类、工商管理类、法学类,2,0,查看,查看,详情,对比
219,浙江省国家税务局,绍兴市国家税务局,稽查局科员（三）,金融学类、经济与贸易类、法学类,1,0,查看,查看,详情,对比
220,浙江省国家税务局,绍兴市国家税务局,基层税务分局科员,经济学类、工商管理类,1,0,查看,查看,详情,对比
221,浙江省国家税务局,绍兴市柯桥区国家税务局,基层税务分局科员（一）,财政学类,3,0,查看,查看,详情,对比
222,浙江省国家税务局,绍兴市柯桥区国家税务局,基层税务分局科员（二）,财政学类,3,0,查看,查看,详情,对比
223,浙江省国家税务局,绍兴市柯桥区国家税务局,税源管理科科员（一）,新闻传播学类,1,0,查看,查看,详情,对比
224,浙江省国家税务局,绍兴市柯桥区国家税务局,税源管理科科员（二）,经济学类、财政学类、工商管理类,1,0,查看,查看,详情,对比
225,浙江省国家税务局,绍兴市上虞区国家税务局,政策法规科科员,法学类,1,0,查看,查看,详情,对比
226,浙江省国家税务局,绍兴市上虞区国家税务局,稽查局科员（一）,财政学类,1,0,查看,查看,详情,对比
227,浙江省国家税务局,绍兴市上虞区国家税务局,稽查局科员（二）,财政学类,1,0,查看,查看,详情,对比
228,浙江省国家税务局,绍兴市上虞区国家税务局,税源管理科科员（一）,工商管理类,1,0,查看,查看,详情,对比
229,浙江省国家税务局,绍兴市上虞区国家税务局,税源管理科科员（二）,经济学类,1,0,查看,查看,详情,对比
230,浙江省国家税务局,绍兴市上虞区国家税务局,办公室科员,图书情报与档案管理类,1,0,查看,查看,详情,对比
231,浙江省国家税务局,绍兴市上虞区国家税务局,征收管理科科员,经济学类、财政学类、计算机类,1,0,查看,查看,详情,对比
232,浙江省国家税务局,诸暨市国家税务局,基层税务分局科员（一）,财政学类、工商管理类,2,0,查看,查看,详情,对比
233,浙江省国家税务局,诸暨市国家税务局,基层税务分局科员（二）,财政学类、工商管理类,2,0,查看,查看,详情,对比
234,浙江省国家税务局,诸暨市国家税务局,税源管理科科员（一）,法学类,1,0,查看,查看,详情,对比
235,浙江省国家税务局,诸暨市国家税务局,税源管理科科员（二）,经济学类、财政学类、金融学类,1,0,查看,查看,详情,对比
236,浙江省国家税务局,新昌县国家税务局,稽查局科员（一）,财政学类、计算机类,3,0,查看,查看,详情,对比
237,浙江省国家税务局,新昌县国家税务局,稽查局科员（二）,财政学类、计算机类,3,0,查看,查看,详情,对比
238,浙江省国家税务局,新昌县国家税务局,办公室科员,新闻传播学类,1,0,查看,查看,详情,对比
239,浙江省国家税务局,新昌县国家税务局,纳税服务科科员,财政学类,3,0,查看,查看,详情,对比
240,浙江省国家税务局,新昌县国家税务局,税源管理科科员（一）,经济学类、工商管理类、计算机类,2,0,查看,查看,详情,对比
241,浙江省国家税务局,嘉善县国家税务局,办公室科员,新闻传播学类,1,0,查看,查看,详情,对比
242,浙江省国家税务局,嘉善县国家税务局,稽查局科员,计算机类,1,0,查看,查看,详情,对比
243,浙江省国家税务局,嘉善县国家税务局,基层税务分局科员（一）,工商管理类,1,0,查看,查看,详情,对比
244,浙江省国家税务局,嘉善县国家税务局,基层税务分局科员（二）,工商管理类,1,0,查看,查看,详情,对比
245,浙江省国家税务局,嘉善县国家税务局,基层税务分局科员（三）,财政学类、金融学类、法学类,1,0,查看,查看,详情,对比
246,浙江省国家税务局,平湖市国家税务局,基层税务分局科员（一）,法学类,1,0,查看,查看,详情,对比
247,浙江省国家税务局,平湖市国家税务局,基层税务分局科员（二）,工商管理类,1,0,查看,查看,详情,对比
248,浙江省国家税务局,平湖市国家税务局,基层税务分局科员（三）,工商管理类,1,0,查看,查看,详情,对比
249,浙江省国家税务局,平湖市国家税务局,基层税务分局科员（四）,财政学类、工商管理类,1,0,查看,查看,详情,对比
250,浙江省国家税务局,海盐县国家税务局,基层税务分局科员（一）,工商管理类,5,0,查看,查看,详情,对比
251,浙江省国家税务局,海盐县国家税务局,基层税务分局科员（二）,经济与贸易类、工商管理类、中国语言文学类、新闻传播学类,1,0,查看,查看,详情,对比
252,浙江省国家税务局,海盐县国家税务局,稽查局科员,工商管理类,3,0,查看,查看,详情,对比
253,浙江省国家税务局,海盐县国家税务局,办公室科员,新闻传播学类,1,0,查看,查看,详情,对比
254,浙江省国家税务局,海宁市国家税务局,稽查局科员（一）,财政学类,1,0,查看,查看,详情,对比
255,浙江省国家税务局,海宁市国家税务局,稽查局科员（二）,财政学类,1,0,查看,查看,详情,对比
256,浙江省国家税务局,海宁市国家税务局,基层税务分局科员（一）,工商管理类,2,0,查看,查看,详情,对比
257,浙江省国家税务局,海宁市国家税务局,基层税务分局科员（二）,工商管理类,2,0,查看,查看,详情,对比
258,浙江省国家税务局,海宁市国家税务局,征收管理科科员,计算机类,1,0,查看,查看,详情,对比
259,浙江省国家税务局,海宁市国家税务局,税源管理一科科员,经济学类、财政学类、工商管理类,1,0,查看,查看,详情,对比
260,浙江省国家税务局,桐乡市国家税务局,基层税务分局科员（一）,财政学类,3,0,查看,查看,详情,对比
261,浙江省国家税务局,桐乡市国家税务局,基层税务分局科员（二）,工商管理类,3,0,查看,查看,详情,对比
262,浙江省国家税务局,桐乡市国家税务局,基层税务分局科员（三）,数学类,2,0,查看,查看,详情,对比
263,浙江省国家税务局,桐乡市国家税务局,基层税务分局科员（四）,经济与贸易类,2,0,查看,查看,详情,对比
264,浙江省国家税务局,桐乡市国家税务局,基层税务分局科员（五）,经济学类、法学类,2,0,查看,查看,详情,对比
265,浙江省国家税务局,湖州市国家税务局,稽查局科员（一）,经济学类,1,0,查看,查看,详情,对比
266,浙江省国家税务局,湖州市国家税务局,稽查局科员（二）,经济学类,1,0,查看,查看,详情,对比
267,浙江省国家税务局,湖州市国家税务局,稽查局科员（三）,工商管理类,1,0,查看,查看,详情,对比
268,浙江省国家税务局,湖州市国家税务局,稽查局科员（四）,工商管理类,1,0,查看,查看,详情,对比
269,浙江省国家税务局,湖州市国家税务局,直属税务分局科员（一）,财政学类,1,0,查看,查看,详情,对比
270,浙江省国家税务局,湖州市国家税务局,直属税务分局科员（二）,法学类,1,0,查看,查看,详情,对比
271,浙江省国家税务局,湖州市吴兴区国家税务局,织里税务分局科员（一）,工商管理类,1,0,查看,查看,详情,对比
272,浙江省国家税务局,湖州市吴兴区国家税务局,织里税务分局科员（二）,工商管理类,1,0,查看,查看,详情,对比
273,浙江省国家税务局,湖州市南浔区国家税务局,税源管理二科科员（一）,法学类,1,0,查看,查看,详情,对比
274,浙江省国家税务局,湖州市南浔区国家税务局,税源管理二科科员（二）,法学类,1,0,查看,查看,详情,对比
275,浙江省国家税务局,湖州市南浔区国家税务局,税源管理二科科员（三）,工商管理类,1,0,查看,查看,详情,对比
276,浙江省国家税务局,湖州市南浔区国家税务局,税源管理二科科员（四）,工商管理类,1,0,查看,查看,详情,对比
277,浙江省国家税务局,湖州市南浔区国家税务局,税源管理二科科员（五）,工商管理类,1,0,查看,查看,详情,对比
278,浙江省国家税务局,湖州市南浔区国家税务局,税源管理二科科员（六）,工商管理类,1,0,查看,查看,详情,对比
279,浙江省国家税务局,湖州市南浔区国家税务局,人事教育科科员,新闻传播学类,1,0,查看,查看,详情,对比
280,浙江省国家税务局,湖州市南浔区国家税务局,征收管理科科员,财政学类、法学类,1,0,查看,查看,详情,对比
281,浙江省国家税务局,德清县国家税务局,税源管理科科员,工商管理类,1,0,查看,查看,详情,对比
282,浙江省国家税务局,长兴县国家税务局,煤山分局科员（一）,法学类,1,0,查看,查看,详情,对比
283,浙江省国家税务局,长兴县国家税务局,煤山分局科员（二）,法学类,1,0,查看,查看,详情,对比
284,浙江省国家税务局,长兴县国家税务局,煤山分局科员（三）,新闻传播学类,1,0,查看,查看,详情,对比
285,浙江省国家税务局,长兴县国家税务局,煤山分局科员（四）,新闻传播学类,1,0,查看,查看,详情,对比
286,浙江省国家税务局,长兴县国家税务局,稽查局科员（一）,计算机类,1,0,查看,查看,详情,对比
287,浙江省国家税务局,长兴县国家税务局,稽查局科员（二）,计算机类,1,0,查看,查看,详情,对比
288,浙江省国家税务局,长兴县国家税务局,稽查局科员（三）,工商管理类,1,0,查看,查看,详情,对比
289,浙江省国家税务局,长兴县国家税务局,稽查局科员（四）,工商管理类,1,0,查看,查看,详情,对比
290,浙江省国家税务局,长兴县国家税务局,泗安分局科员（一）,财政学类,1,0,查看,查看,详情,对比
291,浙江省国家税务局,长兴县国家税务局,泗安分局科员（一）,财政学类,1,0,查看,查看,详情,对比
292,浙江省国家税务局,长兴县国家税务局,税源管理二科科员,财政学类、法学类、统计学类、工商管理类,2,0,查看,查看,详情,对比
293,浙江省国家税务局,安吉县国家税务局,稽查局科员（一）,财政学类、金融学类,2,0,查看,查看,详情,对比
294,浙江省国家税务局,安吉县国家税务局,稽查局科员（二）,财政学类、金融学类,2,0,查看,查看,详情,对比
295,浙江省国家税务局,安吉县国家税务局,稽查局科员（三）,经济与贸易类,1,0,查看,查看,详情,对比
296,浙江省国家税务局,安吉县国家税务局,税源管理科科员,财政学类、工商管理类、中国语言文学类,1,0,查看,查看,详情,对比
297,浙江省国家税务局,安吉县国家税务局,稽查局科员（四）,经济与贸易类,1,0,查看,查看,详情,对比
298,浙江省国家税务局,金华市国家税务局,纳税服务科科员（一）,金融学类,1,0,查看,查看,详情,对比
299,浙江省国家税务局,金华市国家税务局,纳税服务科科员（二）,中国语言文学类,1,0,查看,查看,详情,对比
300,浙江省国家税务局,金华市国家税务局,纳税服务科科员（三）,工商管理类、法学类、计算机类,2,0,查看,查看,详情,对比
301,浙江省国家税务局,金华市国家税务局,稽查局科员（一）,财政学类、工商管理类,4,0,查看,查看,详情,对比
302,浙江省国家税务局,金华市国家税务局,稽查局科员（二）,财政学类、工商管理类,4,0,查看,查看,详情,对比
303,浙江省国家税务局,兰溪市国家税务局,纳税服务科科员,工商管理类,1,0,查看,查看,详情,对比
304,浙江省国家税务局,义乌市国家税务局,纳税服务科科员,俄语相关专业,1,0,查看,查看,详情,对比
305,浙江省国家税务局,义乌市国家税务局,基层税务分局科员（三）,财政学类,1,0,查看,查看,详情,对比
306,浙江省国家税务局,义乌市国家税务局,基层税务分局科员（一）,工商管理类,1,0,查看,查看,详情,对比
307,浙江省国家税务局,义乌市国家税务局,基层税务分局科员（二）,工商管理类,1,0,查看,查看,详情,对比
308,浙江省国家税务局,义乌市国家税务局,基层税务分局科员（四）,金融学类、法学类、中国语言文学类、计算机类,1,0,查看,查看,详情,对比
309,浙江省国家税务局,永康市国家税务局,纳税服务科科员（一）,经济学类,1,0,查看,查看,详情,对比
310,浙江省国家税务局,永康市国家税务局,纳税服务科科员（二）,工商管理类、电子商务类,1,0,查看,查看,详情,对比
311,浙江省国家税务局,永康市国家税务局,纳税服务科科员（三）,新闻传播学类,1,0,查看,查看,详情,对比
312,浙江省国家税务局,浦江县国家税务局,纳税服务科科员（一）,经济学类、财政学类、法学类,1,0,查看,查看,详情,对比
313,浙江省国家税务局,浦江县国家税务局,纳税服务科科员（二）,计算机类,1,0,查看,查看,详情,对比
314,浙江省国家税务局,浦江县国家税务局,稽查局科员（一）,工商管理类、财政学类,1,0,查看,查看,详情,对比
315,浙江省国家税务局,浦江县国家税务局,稽查局科员（二）,经济学类、财政学类,1,0,查看,查看,详情,对比
316,浙江省国家税务局,武义县国家税务局,纳税服务科科员（一）,经济与贸易类,1,0,查看,查看,详情,对比
317,浙江省国家税务局,武义县国家税务局,纳税服务科科员（二）,计算机类,1,0,查看,查看,详情,对比
318,浙江省国家税务局,武义县国家税务局,纳税服务科科员（三）,工商管理类、电子商务类,2,0,查看,查看,详情,对比
319,浙江省国家税务局,武义县国家税务局,纳税服务科科员（四）,工商管理类、电子商务类,3,0,查看,查看,详情,对比
320,浙江省国家税务局,武义县国家税务局,纳税服务科科员（五）,经济与贸易类、计算机类、工商管理类,1,0,查看,查看,详情,对比
321,浙江省国家税务局,磐安县国家税务局,稽查局科员（一）,工商管理类、电子商务类,2,0,查看,查看,详情,对比
322,浙江省国家税务局,磐安县国家税务局,稽查局科员（二）,工商管理类、电子商务类,2,0,查看,查看,详情,对比
323,浙江省国家税务局,磐安县国家税务局,进出口税收管理科科员,财政学类、法学类,1,0,查看,查看,详情,对比
324,浙江省国家税务局,衢州市国家税务局,稽查局科员（一）,财政学类,2,0,查看,查看,详情,对比
325,浙江省国家税务局,衢州市国家税务局,稽查局科员（二）,财政学类,2,0,查看,查看,详情,对比
326,浙江省国家税务局,衢州市国家税务局,稽查局科员（三）,金融学类,2,0,查看,查看,详情,对比
327,浙江省国家税务局,衢州市国家税务局,稽查局科员（四）,金融学类,2,0,查看,查看,详情,对比
328,浙江省国家税务局,衢州市国家税务局,税源管理科科员,数学类、计算机类、统计学类,2,0,查看,查看,详情,对比
329,浙江省国家税务局,衢州市柯城区国家税务局,税源管理科科员,法学类,1,0,查看,查看,详情,对比
330,浙江省国家税务局,衢州市衢江区国家税务局,税源管理科科员,经济学类,1,0,查看,查看,详情,对比
331,浙江省国家税务局,龙游县国家税务局,稽查局科员（一）,财政学类,1,0,查看,查看,详情,对比
332,浙江省国家税务局,龙游县国家税务局,稽查局科员（二）,财政学类,1,0,查看,查看,详情,对比
333,浙江省国家税务局,龙游县国家税务局,稽查局科员（三）,工商管理类,2,0,查看,查看,详情,对比
334,浙江省国家税务局,龙游县国家税务局,稽查局科员（四）,工商管理类,2,0,查看,查看,详情,对比
335,浙江省国家税务局,龙游县国家税务局,办公室科员,新闻传播学类,1,0,查看,查看,详情,对比
336,浙江省国家税务局,龙游县国家税务局,纳税评估科科员,经济学类、法学类、数学类,1,0,查看,查看,详情,对比
337,浙江省国家税务局,江山市国家税务局,稽查局科员（一）,工商管理类,1,0,查看,查看,详情,对比
338,浙江省国家税务局,江山市国家税务局,稽查局科员（二）,工商管理类,1,0,查看,查看,详情,对比
339,浙江省国家税务局,江山市国家税务局,稽查局科员（三）,财政学类,1,0,查看,查看,详情,对比
340,浙江省国家税务局,江山市国家税务局,稽查局科员（四）,财政学类,1,0,查看,查看,详情,对比
341,浙江省国家税务局,江山市国家税务局,纳税服务科科员,工商管理类、计算机类、数学类,1,0,查看,查看,详情,对比
342,浙江省国家税务局,常山县国家税务局,稽查局科员（一）,经济学类,1,0,查看,查看,详情,对比
343,浙江省国家税务局,常山县国家税务局,稽查局科员（二）,经济学类,1,0,查看,查看,详情,对比
344,浙江省国家税务局,常山县国家税务局,稽查局科员（三）,财政学类,2,0,查看,查看,详情,对比
345,浙江省国家税务局,常山县国家税务局,稽查局科员（四）,财政学类,2,0,查看,查看,详情,对比
346,浙江省国家税务局,常山县国家税务局,政策法规科科员,法学类,1,0,查看,查看,详情,对比
347,浙江省国家税务局,常山县国家税务局,收入核算科科员,管理科学与工程类,1,0,查看,查看,详情,对比
348,浙江省国家税务局,常山县国家税务局,纳税服务科科员,经济学类、财政学类、金融学类,1,0,查看,查看,详情,对比
349,浙江省国家税务局,开化县国家税务局,稽查局科员（一）,财政学类,2,0,查看,查看,详情,对比
350,浙江省国家税务局,开化县国家税务局,稽查局科员（二）,财政学类,2,0,查看,查看,详情,对比
351,浙江省国家税务局,开化县国家税务局,稽查局科员（三）,经济学类,1,0,查看,查看,详情,对比
352,浙江省国家税务局,开化县国家税务局,稽查局科员（四）,经济学类,1,0,查看,查看,详情,对比
353,浙江省国家税务局,开化县国家税务局,政策法规科科员,法学类、经济学类、工商管理类,1,0,查看,查看,详情,对比
354,浙江省国家税务局,台州市国家税务局,科员（一）,法学类,2,0,查看,查看,详情,对比
355,浙江省国家税务局,台州市国家税务局,科员（二）,计算机类,1,0,查看,查看,详情,对比
356,浙江省国家税务局,台州市国家税务局,科员（三）,工商管理类,2,0,查看,查看,详情,对比
357,浙江省国家税务局,台州市椒江区国家税务局,纳税服务科科员,财政学类,1,0,查看,查看,详情,对比
358,浙江省国家税务局,台州市黄岩区国家税务局,纳税服务科科员（一）,工商管理类,3,0,查看,查看,详情,对比
359,浙江省国家税务局,台州市黄岩区国家税务局,纳税服务科科员（二）,经济学类、财政学类、法学类、计算机类,1,0,查看,查看,详情,对比
360,浙江省国家税务局,台州市黄岩区国家税务局,税源管理科科员（一）,财政学类,1,0,查看,查看,详情,对比
361,浙江省国家税务局,台州市黄岩区国家税务局,税源管理科科员（二）,经济学类,1,0,查看,查看,详情,对比
362,浙江省国家税务局,台州市路桥区国家税务局,税源管理科科员（一）,财政学类、工商管理类,1,0,查看,查看,详情,对比
363,浙江省国家税务局,台州市路桥区国家税务局,税源管理科科员（二）,财政学类,1,0,查看,查看,详情,对比
364,浙江省国家税务局,台州市路桥区国家税务局,政策法规科员,法学类,1,0,查看,查看,详情,对比
365,浙江省国家税务局,台州市路桥区国家税务局,办公室科员,图书情报与档案管理类,1,0,查看,查看,详情,对比
366,浙江省国家税务局,临海市国家税务局,基层税务分局科员（一）,经济学类,1,0,查看,查看,详情,对比
367,浙江省国家税务局,临海市国家税务局,基层税务分局科员（二）,财政学类,1,0,查看,查看,详情,对比
368,浙江省国家税务局,临海市国家税务局,稽查局科员（一）,法学类,1,0,查看,查看,详情,对比
369,浙江省国家税务局,临海市国家税务局,稽查局科员（二）,电子信息类,1,0,查看,查看,详情,对比
370,浙江省国家税务局,临海市国家税务局,办公室科员,新闻传播学类,1,0,查看,查看,详情,对比
371,浙江省国家税务局,临海市国家税务局,纳税服务科科员（一）,工商管理类,1,0,查看,查看,详情,对比
372,浙江省国家税务局,临海市国家税务局,纳税服务科科员（二）,经济学类、财政学类、金融学类,1,0,查看,查看,详情,对比
373,浙江省国家税务局,温岭市国家税务局,基层税务所科员（一）,工商管理类,1,0,查看,查看,详情,对比
374,浙江省国家税务局,温岭市国家税务局,基层税务所科员（二）,工商管理类,1,0,查看,查看,详情,对比
375,浙江省国家税务局,温岭市国家税务局,基层税务所科员（三）,财政学类,1,0,查看,查看,详情,对比
376,浙江省国家税务局,温岭市国家税务局,基层税务所科员（四）,财政学类,1,0,查看,查看,详情,对比
377,浙江省国家税务局,温岭市国家税务局,基层税务所科员（五）,统计学类,1,0,查看,查看,详情,对比
378,浙江省国家税务局,温岭市国家税务局,基层税务所科员（六）,统计学类,1,0,查看,查看,详情,对比
379,浙江省国家税务局,温岭市国家税务局,基层税务所科员（七）,新闻传播学类,1,0,查看,查看,详情,对比
380,浙江省国家税务局,温岭市国家税务局,基层税务所科员（八）,英语相关专业,1,0,查看,查看,详情,对比
381,浙江省国家税务局,温岭市国家税务局,基层税务所科员（九）,财政学类、工商管理类、计算机类,2,0,查看,查看,详情,对比
382,浙江省国家税务局,玉环市国家税务局,纳税服务科科员(一),经济学类、财政学类、工商管理类、法学类,1,0,查看,查看,详情,对比
383,浙江省国家税务局,玉环市国家税务局,纳税服务科科员(二),财政学类,1,0,查看,查看,详情,对比
384,浙江省国家税务局,玉环市国家税务局,税源管理科科员,经济学类,1,0,查看,查看,详情,对比
385,浙江省国家税务局,玉环市国家税务局,办公室科员,中国语言文学类,1,0,查看,查看,详情,对比
386,浙江省国家税务局,仙居县国家税务局,税源管理科科员（一）,财政学类,2,0,查看,查看,详情,对比
387,浙江省国家税务局,仙居县国家税务局,税源管理科科员（二）,工商管理类,1,0,查看,查看,详情,对比
388,浙江省国家税务局,仙居县国家税务局,办公室科员,中国语言文学类,1,0,查看,查看,详情,对比
389,浙江省国家税务局,仙居县国家税务局,收入核算科科员,经济学类、金融学类,1,0,查看,查看,详情,对比
390,浙江省国家税务局,仙居县国家税务局,政策法规科科员,法学类,1,0,查看,查看,详情,对比
391,浙江省国家税务局,仙居县国家税务局,纳税服务科科员,计算机类、中国语言文学类、新闻传播学类,1,0,查看,查看,详情,对比
392,浙江省国家税务局,天台县国家税务局,稽查局科员（一）,财政学类,1,0,查看,查看,详情,对比
393,浙江省国家税务局,天台县国家税务局,稽查局科员（二）,财政学类,1,0,查看,查看,详情,对比
394,浙江省国家税务局,天台县国家税务局,税源管理科科员（一）,工商管理类,1,0,查看,查看,详情,对比
395,浙江省国家税务局,天台县国家税务局,税源管理科科员（二）,计算机类,1,0,查看,查看,详情,对比
396,浙江省国家税务局,天台县国家税务局,征收管理科科员,经济学类、法学类、计算机类、新闻传播学类,1,0,查看,查看,详情,对比
397,浙江省国家税务局,三门县国家税务局,稽查局科员(一),工商管理类,2,0,查看,查看,详情,对比
398,浙江省国家税务局,三门县国家税务局,稽查局科员(二),工商管理类,2,0,查看,查看,详情,对比
399,浙江省国家税务局,三门县国家税务局,政策法规科科员,法学类,1,0,查看,查看,详情,对比
400,浙江省国家税务局,三门县国家税务局,纳税服务科科员,财政学类、金融学类、工商管理类,2,0,查看,查看,详情,对比
401,浙江省国家税务局,三门县国家税务局,办公室科员,中国语言文学类、新闻传播学类,1,0,查看,查看,详情,对比
402,浙江省国家税务局,三门县国家税务局,征收管理科科员,计算机类,1,0,查看,查看,详情,对比
403,浙江省国家税务局,三门县国家税务局,税源管理科科员,管理科学与工程类,1,0,查看,查看,详情,对比
404,浙江省国家税务局,舟山市国家税务局,基层税务分局科员（一）,经济学类、财政学类,1,0,查看,查看,详情,对比
405,浙江省国家税务局,舟山市国家税务局,基层税务分局科员（二）,经济学类、财政学类,1,0,查看,查看,详情,对比
406,浙江省国家税务局,舟山市国家税务局,科员（一）,经济与贸易类、工商管理类,1,0,查看,查看,详情,对比
407,浙江省国家税务局,舟山市国家税务局,科员（二）,经济学类、工商管理类,1,0,查看,查看,详情,对比
408,浙江省国家税务局,舟山市国家税务局,科员（三）,计算机类、电子信息类,1,0,查看,查看,详情,对比
409,浙江省国家税务局,舟山市国家税务局,政策法规科科员,法学类,2,0,查看,查看,详情,对比
410,浙江省国家税务局,舟山市国家税务局,办公室科员,中国语言文学类、新闻传播学类,1,0,查看,查看,详情,对比
411,浙江省国家税务局,舟山市定海区国家税务局,基层税务分局科员（一）,法学类,1,0,查看,查看,详情,对比
412,浙江省国家税务局,舟山市定海区国家税务局,基层税务分局科员（二）,计算机类,1,0,查看,查看,详情,对比
413,浙江省国家税务局,舟山市定海区国家税务局,基层税务分局科员（三）,财政学类、工商管理类,1,0,查看,查看,详情,对比
414,浙江省国家税务局,舟山市定海区国家税务局,基层税务分局科员（四）,财政学类、工商管理类,1,0,查看,查看,详情,对比
415,浙江省国家税务局,舟山市定海区国家税务局,基层税务分局科员（五）,财政学类、工商管理类,3,0,查看,查看,详情,对比
416,浙江省国家税务局,舟山市定海区国家税务局,基层税务分局科员（六）,工商管理类、中国语言文学类、新闻传播学类、计算机类,1,0,查看,查看,详情,对比
417,浙江省国家税务局,舟山市普陀区国家税务局,办公室科员,经济学类、中国语言文学类、新闻传播学类、工商管理类,1,0,查看,查看,详情,对比
418,浙江省国家税务局,舟山市普陀区国家税务局,基层税务分局科员(一),经济学类、金融学类,1,0,查看,查看,详情,对比
419,浙江省国家税务局,舟山市普陀区国家税务局,基层税务分局科员(二),经济学类、金融学类,1,0,查看,查看,详情,对比
420,浙江省国家税务局,舟山市普陀区国家税务局,基层税务分局科员(一),电子信息类、计算机类,1,0,查看,查看,详情,对比
421,浙江省国家税务局,舟山市普陀区国家税务局,基层税务分局科员(二),电子信息类、计算机类,1,0,查看,查看,详情,对比
422,浙江省国家税务局,岱山县国家税务局,办公室科员,中国语言文学类、新闻传播学类,1,0,查看,查看,详情,对比
423,浙江省国家税务局,岱山县国家税务局,纳税评估科科员,计算机类,1,0,查看,查看,详情,对比
424,浙江省国家税务局,岱山县国家税务局,基层税务分局科员,财政学类,1,0,查看,查看,详情,对比
425,浙江省国家税务局,岱山县国家税务局,稽查局科员（一）,财政学类,1,0,查看,查看,详情,对比
426,浙江省国家税务局,岱山县国家税务局,稽查局科员（二）,财政学类,1,0,查看,查看,详情,对比
427,浙江省国家税务局,岱山县国家税务局,税源管理科科员,财政学类、电子信息类、经济学类、工商管理类,1,0,查看,查看,详情,对比
428,浙江省国家税务局,嵊泗县国家税务局,基层税务分局科员（一）,财政学类、经济与贸易类、经济学类,1,0,查看,查看,详情,对比
429,浙江省国家税务局,嵊泗县国家税务局,基层税务分局科员（二）,新闻传播学类、计算机类、中国语言文学类,1,0,查看,查看,详情,对比
430,浙江省国家税务局,嵊泗县国家税务局,基层税务分局科员（三）,财政学类、工商管理类、统计学类、计算机类,1,0,查看,查看,详情,对比
431,浙江省国家税务局,丽水市国家税务局,纳税服务处科员（一）,工商管理类,1,0,查看,查看,详情,对比
432,浙江省国家税务局,丽水市国家税务局,纳税服务处科员（二）,工商管理类,1,0,查看,查看,详情,对比
433,浙江省国家税务局,青田县国家税务局,税源管理一科科员,财政学类,1,0,查看,查看,详情,对比
434,浙江省国家税务局,青田县国家税务局,办公室科员,中国语言文学类,1,0,查看,查看,详情,对比
435,浙江省国家税务局,青田县国家税务局,纳税评估科科员（一）,金融学类,1,0,查看,查看,详情,对比
436,浙江省国家税务局,青田县国家税务局,纳税评估科科员（二）,工商管理类,2,0,查看,查看,详情,对比
437,浙江省国家税务局,青田县国家税务局,征收管理科科员,经济学类、财政学类、工商管理类、法学类,1,0,查看,查看,详情,对比
438,浙江省国家税务局,云和县国家税务局,税源管理一科科员（一）,工商管理类,2,0,查看,查看,详情,对比
439,浙江省国家税务局,云和县国家税务局,税源管理一科科员（二）,法学类,1,0,查看,查看,详情,对比
440,浙江省国家税务局,云和县国家税务局,税源管理一科科员（三）,电子信息类,1,0,查看,查看,详情,对比
441,浙江省国家税务局,云和县国家税务局,纳税服务科科员,财政学类、工商管理类、经济学类、经济与贸易类,1,0,查看,查看,详情,对比
442,浙江省国家税务局,龙泉市国家税务局,税源管理一科科员,工商管理类,3,0,查看,查看,详情,对比
443,浙江省国家税务局,龙泉市国家税务局,纳税评估科科员,财政学类,2,0,查看,查看,详情,对比
444,浙江省国家税务局,龙泉市国家税务局,稽查局科员,经济学类、法学类、工商管理类、财政学类,1,0,查看,查看,详情,对比
445,浙江省国家税务局,庆元县国家税务局,稽查局科员（一）,工商管理类,1,0,查看,查看,详情,对比
446,浙江省国家税务局,庆元县国家税务局,稽查局科员（二）,工商管理类,1,0,查看,查看,详情,对比
447,浙江省国家税务局,庆元县国家税务局,稽查局科员（三）,新闻传播学类,1,0,查看,查看,详情,对比
448,浙江省国家税务局,庆元县国家税务局,稽查局科员（四）,新闻传播学类,1,0,查看,查看,详情,对比
449,浙江省国家税务局,庆元县国家税务局,税源管理一科科员,经济学类、财政学类、新闻传播学类,1,0,查看,查看,详情,对比
450,浙江省国家税务局,缙云县国家税务局,办公室科员（一）,计算机类,1,0,查看,查看,详情,对比
451,浙江省国家税务局,缙云县国家税务局,办公室科员（二）,工商管理类,1,0,查看,查看,详情,对比
452,浙江省国家税务局,缙云县国家税务局,税源管理一科科员,工商管理类,1,0,查看,查看,详情,对比
453,浙江省国家税务局,缙云县国家税务局,稽查局科员（一）,财政学类,1,0,查看,查看,详情,对比
454,浙江省国家税务局,缙云县国家税务局,稽查局科员（二）,财政学类,1,0,查看,查看,详情,对比
455,浙江省国家税务局,遂昌县国家税务局,稽查局科员,法学类,1,0,查看,查看,详情,对比
456,浙江省国家税务局,遂昌县国家税务局,纳税服务科科员（一）,财政学类,1,0,查看,查看,详情,对比
457,浙江省国家税务局,遂昌县国家税务局,纳税服务科科员（二）,工商管理类,1,0,查看,查看,详情,对比
458,浙江省国家税务局,遂昌县国家税务局,税源管理一科科员（一）,工商管理类,1,0,查看,查看,详情,对比
459,浙江省国家税务局,遂昌县国家税务局,税源管理一科科员（二）,中国语言文学类、金融学类、法学类,1,0,查看,查看,详情,对比
460,浙江省国家税务局,松阳县国家税务局,税源管理一科科员（一）,工商管理类,1,0,查看,查看,详情,对比
461,浙江省国家税务局,松阳县国家税务局,税源管理一科科员（二）,财政学类,1,0,查看,查看,详情,对比
462,浙江省国家税务局,松阳县国家税务局,纳税服务科科员,经济学类,1,0,查看,查看,详情,对比
463,浙江省国家税务局,松阳县国家税务局,稽查局科员（一）,工商管理类,1,0,查看,查看,详情,对比
464,浙江省国家税务局,松阳县国家税务局,稽查局科员（二）,工商管理类,1,0,查看,查看,详情,对比
465,浙江省国家税务局,松阳县国家税务局,政策法规科科员,法学类、中国语言文学类、计算机类,1,0,查看,查看,详情,对比
466,浙江省国家税务局,景宁县国家税务局,税源管理一科科员（一）,财政学类、工商管理类、法学类、计算机类,1,0,查看,查看,详情,对比
467,浙江省国家税务局,景宁县国家税务局,税源管理一科科员（二）,工商管理类,1,0,查看,查看,详情,对比
468,浙江省国家税务局,景宁县国家税务局,稽查局科员（一）,工商管理类,3,0,查看,查看,详情,对比
469,浙江省国家税务局,景宁县国家税务局,稽查局科员（二）,工商管理类,1,0,查看,查看,详情,对比
470,浙江省国家税务局,景宁县国家税务局,政策法规科科员,法学类,1,0,查看,查看,详情,对比
471,浙江省国家税务局,景宁县国家税务局,纳税服务科科员,金融学类,2,0,查看,查看,详情,对比
472,浙江省国家税务局,丽水莲都区国家税务局,税源管理一科科员（一）,工商管理类,1,0,查看,查看,详情,对比
473,浙江省国家税务局,丽水莲都区国家税务局,税源管理一科科员（二）,工商管理类,1,0,查看,查看,详情,对比
474,浙江省国家税务局,丽水莲都区国家税务局,办公室科员,财政学类,1,0,查看,查看,详情,对比
475,浙江省国家税务局,丽水莲都区国家税务局,税源管理一科科员,经济学类、管理科学与工程类、法学类,1,0,查看,查看,详情,对比
476,宁波市国家税务局,宁波市国家税务局第一稽查局,科员(一),工商管理类,1,0,查看,查看,详情,对比
477,宁波市国家税务局,宁波市国家税务局第一稽查局,科员(二),工商管理类,1,0,查看,查看,详情,对比
478,宁波市国家税务局,宁波市国家税务局第二稽查局,科员(一),法学类、财政学类,1,0,查看,查看,详情,对比
479,宁波市国家税务局,宁波市国家税务局第二稽查局,科员(二),法学类、财政学类,1,0,查看,查看,详情,对比
480,宁波市国家税务局,宁波市国家税务局第三稽查局,科员(一),工商管理类,1,0,查看,查看,详情,对比
481,宁波市国家税务局,宁波市国家税务局第三稽查局,科员(二),工商管理类,1,0,查看,查看,详情,对比
482,宁波市国家税务局,宁波市国家税务局直属税务分局,科员(一),工商管理类,1,0,查看,查看,详情,对比
483,宁波市国家税务局,宁波市国家税务局直属税务分局,科员(二),工商管理类,1,0,查看,查看,详情,对比
484,宁波市国家税务局,鄞州区国家税务局,科员(一),计算机类、数学类、统计学类,1,0,查看,查看,详情,对比
485,宁波市国家税务局,鄞州区国家税务局,科员(二),法学类、新闻传播学类,1,0,查看,查看,详情,对比
486,宁波市国家税务局,鄞州区国家税务局,科员(三),法学类、新闻传播学类,1,0,查看,查看,详情,对比
487,宁波市国家税务局,鄞州区国家税务局,科员(四),财政学类、金融学类、经济与贸易类、计算机类、英语相关专业,2,0,查看,查看,详情,对比
488,宁波市国家税务局,鄞州区国家税务局,科员(五),财政学类、金融学类、经济与贸易类、计算机类、英语相关专业,2,0,查看,查看,详情,对比
489,宁波市国家税务局,鄞州区国家税务局,科员(六),工商管理类、金融学类,1,0,查看,查看,详情,对比
490,宁波市国家税务局,鄞州区国家税务局,科员(七),工商管理类、金融学类,1,0,查看,查看,详情,对比
491,宁波市国家税务局,鄞州区国家税务局,科员(八),财政学类,1,0,查看,查看,详情,对比
492,宁波市国家税务局,鄞州区国家税务局,科员(九),财政学类,1,0,查看,查看,详情,对比
493,宁波市国家税务局,鄞州区国家税务局,科员(十),经济学类、财政学类、金融学类、工商管理类、公共管理类,3,0,查看,查看,详情,对比
494,宁波市国家税务局,海曙区国家税务局,科员(一),金融学类,1,0,查看,查看,详情,对比
495,宁波市国家税务局,海曙区国家税务局,科员(二),经济学类、财政学类、经济与贸易类,1,0,查看,查看,详情,对比
496,宁波市国家税务局,海曙区国家税务局,科员(三),经济学类、财政学类、经济与贸易类,1,0,查看,查看,详情,对比
497,宁波市国家税务局,海曙区国家税务局,科员(四),法学类,1,0,查看,查看,详情,对比
498,宁波市国家税务局,海曙区国家税务局,科员(五),法学类,1,0,查看,查看,详情,对比
499,宁波市国家税务局,海曙区国家税务局,科员(六),财政学类,1,0,查看,查看,详情,对比
500,宁波市国家税务局,海曙区国家税务局,科员(七),财政学类,1,0,查看,查看,详情,对比
501,宁波市国家税务局,海曙区国家税务局,科员(八),工商管理类,2,0,查看,查看,详情,对比
502,宁波市国家税务局,海曙区国家税务局,科员(九),工商管理类,2,0,查看,查看,详情,对比
503,宁波市国家税务局,海曙区国家税务局,科员(十),经济学类、财政学类、工商管理类、法学类,3,0,查看,查看,详情,对比
504,宁波市国家税务局,江北区国家税务局,科员(一),法学类,1,0,查看,查看,详情,对比
505,宁波市国家税务局,江北区国家税务局,科员(二),法学类,1,0,查看,查看,详情,对比
506,宁波市国家税务局,江北区国家税务局,科员(三),财政学类、金融学类、经济与贸易类,1,0,查看,查看,详情,对比
507,宁波市国家税务局,江北区国家税务局,科员(四),财政学类、金融学类、经济与贸易类,1,0,查看,查看,详情,对比
508,宁波市国家税务局,镇海区国家税务局,科员(一),新闻传播学类、中国语言文学类,1,0,查看,查看,详情,对比
509,宁波市国家税务局,镇海区国家税务局,科员(二),经济学类,1,0,查看,查看,详情,对比
510,宁波市国家税务局,镇海区国家税务局,科员(三),工商管理类,1,0,查看,查看,详情,对比
511,宁波市国家税务局,北仑区国家税务局,科员(一),法学类,1,0,查看,查看,详情,对比
512,宁波市国家税务局,北仑区国家税务局,科员(二),化学类,1,0,查看,查看,详情,对比
513,宁波市国家税务局,北仑区国家税务局,科员(三),财政学类,1,0,查看,查看,详情,对比
514,宁波市国家税务局,北仑区国家税务局,科员(四),财政学类,1,0,查看,查看,详情,对比
515,宁波市国家税务局,北仑区国家税务局,科员(五),工商管理类,1,0,查看,查看,详情,对比
516,宁波市国家税务局,北仑区国家税务局,科员(六),工商管理类,1,0,查看,查看,详情,对比
517,宁波市国家税务局,北仑区国家税务局,科员(七),经济与贸易类,2,0,查看,查看,详情,对比
518,宁波市国家税务局,北仑区国家税务局,科员(八),中国语言文学类、新闻传播学类、计算机类,2,0,查看,查看,详情,对比
519,宁波市国家税务局,奉化区国家税务局,科员(一),法学类,1,0,查看,查看,详情,对比
520,宁波市国家税务局,奉化区国家税务局,科员(二),经济学类、财政学类,1,0,查看,查看,详情,对比
521,宁波市国家税务局,奉化区国家税务局,科员(三),经济学类、财政学类,1,0,查看,查看,详情,对比
522,宁波市国家税务局,奉化区国家税务局,科员(四),中国语言文学类、新闻传播学类,1,0,查看,查看,详情,对比
523,宁波市国家税务局,奉化区国家税务局,科员(五),中国语言文学类、新闻传播学类,1,0,查看,查看,详情,对比
524,宁波市国家税务局,奉化区国家税务局,科员(六),工商管理类,1,0,查看,查看,详情,对比
525,宁波市国家税务局,奉化区国家税务局,科员(七),工商管理类,1,0,查看,查看,详情,对比
526,宁波市国家税务局,奉化区国家税务局,科员(八),经济学类、财政学类、中国语言文学类、工商管理类,1,0,查看,查看,详情,对比
527,宁波市国家税务局,宁波保税区国家税务局,科员(一),财政学类、新闻传播学类,1,0,查看,查看,详情,对比
528,宁波市国家税务局,宁波保税区国家税务局,科员(二),财政学类、新闻传播学类,1,0,查看,查看,详情,对比
529,宁波市国家税务局,宁波大榭开发区国家税务局,科员,经济学类、财政学类、法学类,1,0,查看,查看,详情,对比
530,宁波市国家税务局,宁波国家高新技术产业开发区国家税务局,科员(一),工商管理类,1,0,查看,查看,详情,对比
531,宁波市国家税务局,宁波国家高新技术产业开发区国家税务局,科员(二),工商管理类,1,0,查看,查看,详情,对比
532,宁波市国家税务局,宁波杭州湾新区国家税务局,科员,工商管理类,1,0,查看,查看,详情,对比
533,宁波市国家税务局,宁波梅山保税港区国家税务局,科员(一),经济学类、法学类、数学类、计算机类,1,0,查看,查看,详情,对比
534,宁波市国家税务局,宁波梅山保税港区国家税务局,科员(二),经济学类、法学类、数学类、计算机类,1,0,查看,查看,详情,对比
535,宁波市国家税务局,宁波梅山保税港区国家税务局,科员(三),财政学类、经济与贸易类,2,0,查看,查看,详情,对比
536,宁波市国家税务局,慈溪市国家税务局,科员(一),数学类,1,0,查看,查看,详情,对比
537,宁波市国家税务局,慈溪市国家税务局,科员(二),财政学类、经济学类,1,0,查看,查看,详情,对比
538,宁波市国家税务局,慈溪市国家税务局,科员(三),财政学类、经济学类,1,0,查看,查看,详情,对比
539,宁波市国家税务局,慈溪市国家税务局,科员(四),法学类、财政学类,1,0,查看,查看,详情,对比
540,宁波市国家税务局,慈溪市国家税务局,科员(五),法学类、财政学类,1,0,查看,查看,详情,对比
541,宁波市国家税务局,慈溪市国家税务局,科员(六),计算机类,1,0,查看,查看,详情,对比
542,宁波市国家税务局,慈溪市国家税务局,科员(七),计算机类,1,0,查看,查看,详情,对比
543,宁波市国家税务局,慈溪市国家税务局,科员(八),工商管理类,1,0,查看,查看,详情,对比
544,宁波市国家税务局,慈溪市国家税务局,科员(九),工商管理类,1,0,查看,查看,详情,对比
545,宁波市国家税务局,慈溪市国家税务局,科员(十),财政学类,2,0,查看,查看,详情,对比
546,宁波市国家税务局,慈溪市国家税务局,科员(十一),财政学类、工商管理类、法学类、中国语言文学类,3,0,查看,查看,详情,对比
547,宁波市国家税务局,余姚市国家税务局,科员(一),法学类、中国语言文学类、工商管理类,1,0,查看,查看,详情,对比
548,宁波市国家税务局,余姚市国家税务局,科员(二),法学类、中国语言文学类、工商管理类,1,0,查看,查看,详情,对比
549,宁波市国家税务局,余姚市国家税务局,科员(三),计算机类,2,0,查看,查看,详情,对比
550,宁波市国家税务局,余姚市国家税务局,科员(四),经济学类、财政学类、统计学类,1,0,查看,查看,详情,对比
551,宁波市国家税务局,余姚市国家税务局,科员(五),经济学类、财政学类、统计学类,1,0,查看,查看,详情,对比
552,宁波市国家税务局,余姚市国家税务局,科员(六),工商管理类,1,0,查看,查看,详情,对比
553,宁波市国家税务局,余姚市国家税务局,科员(七),工商管理类,1,0,查看,查看,详情,对比
554,宁波市国家税务局,余姚市国家税务局,科员(八),财政学类、经济与贸易类、工商管理类,1,0,查看,查看,详情,对比
555,宁波市国家税务局,余姚市国家税务局,科员(九),财政学类、经济与贸易类、工商管理类,1,0,查看,查看,详情,对比
556,宁波市国家税务局,余姚市国家税务局,科员(十),经济学类、财政学类、法学类、中国语言文学类、统计学类、计算机类、工商管理类,3,0,查看,查看,详情,对比
557,宁波市国家税务局,宁海县国家税务局,科员(一),中国语言文学类,1,0,查看,查看,详情,对比
558,宁波市国家税务局,宁海县国家税务局,科员(二),中国语言文学类,1,0,查看,查看,详情,对比
559,宁波市国家税务局,宁海县国家税务局,科员(三),财政学类、工商管理类,2,0,查看,查看,详情,对比
560,宁波市国家税务局,宁海县国家税务局,科员(四),财政学类、工商管理类,2,0,查看,查看,详情,对比
561,宁波市国家税务局,宁海县国家税务局,科员(五),财政学类、工商管理类,1,0,查看,查看,详情,对比
562,宁波市国家税务局,宁海县国家税务局,科员(六),财政学类、工商管理类,1,0,查看,查看,详情,对比
563,宁波市国家税务局,宁海县国家税务局,科员(七),统计学类,1,0,查看,查看,详情,对比
564,宁波市国家税务局,宁海县国家税务局,科员(八),财政学类、工商管理类、经济学类、法学类、计算机类,2,0,查看,查看,详情,对比
565,宁波市国家税务局,象山县国家税务局,科员(一),数学类,1,0,查看,查看,详情,对比
566,宁波市国家税务局,象山县国家税务局,科员(二),财政学类、工商管理类,2,0,查看,查看,详情,对比
567,宁波市国家税务局,象山县国家税务局,科员(三),财政学类、工商管理类,2,0,查看,查看,详情,对比
568,宁波市国家税务局,象山县国家税务局,科员(四),财政学类、经济与贸易类,2,0,查看,查看,详情,对比
569,宁波市国家税务局,象山县国家税务局,科员(五),财政学类、经济与贸易类,2,0,查看,查看,详情,对比
570,宁波市国家税务局,象山县国家税务局,科员(六),金融学类、法学类、工商管理类,1,0,查看,查看,详情,对比
571,宁波市国家税务局,象山县国家税务局,科员(七),经济学类、财政学类、金融学类、工商管理类,1,0,查看,查看,详情,对比
572,浙江出入境检验检疫局               ,浙江出入境检验检疫局,财务管理副主任科员及以下,会计学、财务管理,1,0,查看,查看,详情,对比
573,浙江出入境检验检疫局               ,浙江出入境检验检疫局杭州机场办事处,卫生检疫监管科员,预防医学,1,0,查看,查看,详情,对比
574,浙江出入境检验检疫局               ,杭州出入境检验检疫局,信息化管理副主任科员及以下,计算机科学与技术、软件工程、网络工程、计算机系统结构、计算机软件与理论、计算机应用技术、计算机技术专业硕士、软件工程专业硕士,1,0,查看,查看,详情,对比
575,浙江出入境检验检疫局               ,杭州出入境检验检疫局,财务管理科员,会计学,1,0,查看,查看,详情,对比
576,浙江出入境检验检疫局               ,杭州出入境检验检疫局,动物检疫监管副主任科员,预防兽医学、基础兽医学、临床兽医学、兽医专业硕士,1,0,查看,查看,详情,对比
577,浙江出入境检验检疫局               ,杭州出入境检验检疫局,植物检疫监管副主任科员及以下,植物保护、动植物检疫（植检方向）、植物病理学、农业昆虫与害虫防治、植物保护专业硕士,1,0,查看,查看,详情,对比
578,浙江出入境检验检疫局               ,杭州出入境检验检疫局,卫生检疫监管副主任科员及以下,预防医学，流行病与卫生统计学、劳动卫生与环境卫生学、营养与食品卫生学、公共卫生专业硕士,1,0,查看,查看,详情,对比
579,浙江出入境检验检疫局               ,温州出入境检验检疫局,动物检疫监管副主任科员及以下,动物医学、动植物检疫（动检方向）,1,0,查看,查看,详情,对比
580,浙江出入境检验检疫局               ,温州出入境检验检疫局,植物检疫监管副主任科员及以下,植物保护、动植物检疫（植检方向）、植物科学与技术、生物技术、生态学,1,0,查看,查看,详情,对比
581,浙江出入境检验检疫局               ,金华出入境检验检疫局,植物检疫监管副主任科员,植物病理学、农业昆虫与害虫防治、植物保护专业硕士,1,0,查看,查看,详情,对比
582,浙江出入境检验检疫局               ,金华出入境检验检疫局,卫生检疫监管副主任科员,营养与食品卫生学,1,0,查看,查看,详情,对比
583,浙江出入境检验检疫局               ,舟山出入境检验检疫局,卫生检疫监管副主任科员及以下,预防医学、临床医学,1,0,查看,查看,详情,对比
584,浙江出入境检验检疫局               ,舟山出入境检验检疫局,卫生检疫监管副主任科员及以下,预防医学、临床医学,1,0,查看,查看,详情,对比
585,浙江出入境检验检疫局               ,舟山出入境检验检疫局,动物检疫监管副主任科员,预防兽医学、临床兽医学,1,0,查看,查看,详情,对比
586,浙江出入境检验检疫局               ,舟山出入境检验检疫局,检验鉴定监管副主任科员及以下,油气储运工程、石油工程、化学工程与工艺、应用化学,1,0,查看,查看,详情,对比
587,浙江出入境检验检疫局               ,舟山出入境检验检疫局,检务科员,经济学、国际经济与贸易,1,0,查看,查看,详情,对比
588,浙江出入境检验检疫局               ,台州出入境检验检疫局,植物检疫监管副主任科员,农业昆虫与害虫防治,1,0,查看,查看,详情,对比
589,浙江出入境检验检疫局               ,台州出入境检验检疫局,卫生检疫监管副主任科员,流行病与卫生统计学、劳动卫生与环境卫生学、营养与食品卫生学、公共卫生专业硕士,1,0,查看,查看,详情,对比
590,浙江出入境检验检疫局               ,台州出入境检验检疫局,植物检疫监管主任科员及以下,植物保护、动植物检疫（植检方向）,1,0,查看,查看,详情,对比
591,浙江出入境检验检疫局               ,绍兴出入境检验检疫局,财务管理副主任科员及以下,会计学、财务管理,1,0,查看,查看,详情,对比
592,浙江出入境检验检疫局               ,绍兴出入境检验检疫局,食品检验监管主任科员以下,食品科学与工程、食品质量与安全、食品科学,1,0,查看,查看,详情,对比
593,浙江出入境检验检疫局               ,绍兴出入境检验检疫局,植物检疫监管副主任科员及以下,植物保护、动植物检疫（植检方向）、植物病理学、农业昆虫与害虫防治、植物保护专业硕士,1,0,查看,查看,详情,对比
594,浙江出入境检验检疫局               ,嘉兴出入境检验检疫局,法制与稽查副主任科员,宪法学与行政法学、经济法学、诉讼法学,1,0,查看,查看,详情,对比
595,浙江出入境检验检疫局               ,湖州出入境检验检疫局,动物检疫监管副主任科员及以下,动物医学、动植物检疫（动检方向）、预防兽医学、基础兽医学、临床兽医学、兽医专业硕士,1,0,查看,查看,详情,对比
596,浙江出入境检验检疫局               ,丽水出入境检验检疫局,信息化管理副主任科员及以下,计算机科学与技术、网络工程,1,0,查看,查看,详情,对比
597,浙江出入境检验检疫局               ,嵊泗出入境检验检疫局,卫生检疫监管主任科员及以下,临床医学、预防医学、卫生检验与检疫,1,0,查看,查看,详情,对比
598,浙江出入境检验检疫局               ,嵊泗出入境检验检疫局,植物检疫监管主任科员及以下,植物保护,1,0,查看,查看,详情,对比
599,浙江出入境检验检疫局               ,嵊泗出入境检验检疫局,鉴定管理主任科员及以下,船舶与海洋工程、石油工程、数学与应用数学,1,0,查看,查看,详情,对比
600,浙江出入境检验检疫局               ,义乌出入境检验检疫局,卫生检疫监管副主任科员及以下,预防医学、流行病与卫生统计学、劳动卫生与环境卫生学、营养与食品卫生学、公共卫生专业硕士,1,0,查看,查看,详情,对比
601,国家能源局浙江监管办公室,国家能源局浙江监管办公室,综合处主任科员及以下,财会类,1,0,查看,查看,详情,对比
602,中国民用航空局华东地区管理局,中国民用航空上海安全监督管理局,运输处主任科员及以下,不限,1,0,查看,查看,详情,对比
603,中国民用航空局华东地区管理局,中国民用航空上海安全监督管理局,飞行标准处主任科员及以下,档案学、新闻传播学类,1,0,查看,查看,详情,对比
604,中国民用航空局华东地区管理局,中国民用航空上海安全监督管理局,适航维修处主任科员及以下,航空发动机、航空机电、航空电子,1,0,查看,查看,详情,对比
605,中国民用航空局华东地区管理局,中国民用航空江苏安全监督管理局,机场管理处主任科员及以下,电气工程及其自动化,1,0,查看,查看,详情,对比
606,中国民用航空局华东地区管理局,中国民用航空江苏安全监督管理局,飞行标准处主任科员及以下,飞行技术,1,0,查看,查看,详情,对比
607,中国民用航空局华东地区管理局,中国民用航空江苏安全监督管理局,空中交通管理处主任科员及以下,交通运输（空中交通管制）,1,0,查看,查看,详情,对比
608,中国民用航空局华东地区管理局,中国民用航空浙江安全监督管理局,航空安全办公室主任科员及以下,飞行技术,1,0,查看,查看,详情,对比
609,中国民用航空局华东地区管理局,中国民用航空浙江安全监督管理局,飞行标准处主任科员及以下,飞行技术,1,0,查看,查看,详情,对比
610,中国民用航空局华东地区管理局,中国民用航空福建安全监督管理局,运输处主任科员及以下,交通运输,1,0,查看,查看,详情,对比
611,中国民用航空局华东地区管理局,中国民用航空福建安全监督管理局,航务处主任科员及以下,交通运输（空中交通管制、飞行签派、航行情报）,1,0,查看,查看,详情,对比
612,中国民用航空局华东地区管理局,中国民用航空江西安全监督管理局,运输处主任科员及以下,民航运输管理、化学类,1,0,查看,查看,详情,对比
613,中国民用航空局华东地区管理局,中国民用航空山东安全监督管理局,综合处主任科员及以下,安全工程,1,0,查看,查看,详情,对比
614,中国民用航空局华东地区管理局,中国民用航空青岛安全监督管理局,综合处主任科员及以下,会计学、财务管理、审计学,1,0,查看,查看,详情,对比
615,中国民用航空局华东地区管理局,中国民用航空青岛安全监督管理局,飞行标准处主任科员及以下,飞行技术,1,0,查看,查看,详情,对比
616,中国民用航空局华东地区管理局,中国民用航空温州安全监督管理局,综合处主任科员及以下,财会类、经济学类,1,0,查看,查看,详情,对比
617,中国民用航空局华东地区管理局,中国民用航空温州安全监督管理局,运输处主任科员及以下,材料化学、应用化学、工商管理（航空运输管理）,1,0,查看,查看,详情,对比
618,中国民用航空局华东地区管理局,中国民用航空温州安全监督管理局,空中交通管理处主任科员及以下,大气科学类,1,0,查看,查看,详情,对比
619,中国民用航空局华东地区管理局,民航华东地区管理局,办公室主任科员及以下,安全科学与工程类,1,0,查看,查看,详情,对比
620,中国民用航空局华东地区管理局,民航华东地区管理局,政策法规处主任科员及以下,民商法学、宪法学与行政法学、民法学、法理学、诉讼法学、航空法与空间法,1,0,查看,查看,详情,对比
621,中国民用航空局华东地区管理局,民航华东地区管理局,财务处主任科员及以下,工商管理类、经济学类,1,0,查看,查看,详情,对比
622,中国民用航空局华东地区管理局,民航华东地区管理局,航务管理处主任科员及以下,交通运输,1,0,查看,查看,详情,对比
623,中国民用航空局华东地区管理局,民航华东地区管理局,机场管理处主任科员及以下,大气科学类,1,0,查看,查看,详情,对比
624,中国民用航空局华东地区管理局,民航华东地区管理局,通信导航处主任科员及以下,通信工程,1,0,查看,查看,详情,对比
625,中国民用航空局华东地区管理局,民航华东地区管理局,离退休干部处主任科员及以下,图书情报与档案管理类,1,0,查看,查看,详情,对比
626,中国民用航空局华东地区管理局,民航华东地区管理局,离退休干部处主任科员及以下,经济学类、工商管理类,1,0,查看,查看,详情,对比
627,国家统计局浙江调查总队,国家统计局浙江调查总队,浙江调查总队副主任科员及以下,统计学、应用统计学、经济学、经济统计学、国际经济与贸易、国民经济管理,3,0,查看,查看,详情,对比
628,国家统计局浙江调查总队,国家统计局浙江调查总队,杭州调查队业务处室副主任科员,经济学、经济统计学、产业经济学、数量经济学、统计学、应用统计学、数学与应用数学,1,0,查看,查看,详情,对比
629,国家统计局浙江调查总队,国家统计局浙江调查总队,杭州调查队业务处室科员,计算机科学与技术、软件工程、计算机软件与理论、信息与计算科学,1,0,查看,查看,详情,对比
630,国家统计局浙江调查总队,国家统计局浙江调查总队,宁波调查队业务处室副主任科员1,经济学、产业经济学、数量经济学、统计学、应用统计学、概率论与数理统计、应用数理统计,2,0,查看,查看,详情,对比
631,国家统计局浙江调查总队,国家统计局浙江调查总队,宁波调查队业务处室副主任科员2,会计学、财务管理、财政学、审计学,1,0,查看,查看,详情,对比
632,国家统计局浙江调查总队,国家统计局浙江调查总队,温州调查队业务处室科员,统计学、应用统计学、经济学、经济统计学、金融学、会计学,2,0,查看,查看,详情,对比
633,国家统计局浙江调查总队,国家统计局浙江调查总队,温州调查队综合与法规处科员,汉语言文学、新闻学、法学、国民经济管理、审计学、财政学,1,0,查看,查看,详情,对比
634,国家统计局浙江调查总队,国家统计局浙江调查总队,嘉兴调查队业务处室科员1,统计学、应用统计学、经济学、经济统计学、国际经济与贸易、国民经济管理,1,0,查看,查看,详情,对比
635,国家统计局浙江调查总队,国家统计局浙江调查总队,嘉兴调查队业务处室科员2,统计学、应用统计学、经济学、经济统计学,2,0,查看,查看,详情,对比
636,国家统计局浙江调查总队,国家统计局浙江调查总队,湖州调查队农业调查处科员,统计学、应用统计学、经济学、经济统计学、会计学、财务管理、国际经济与贸易,1,0,查看,查看,详情,对比
637,国家统计局浙江调查总队,国家统计局浙江调查总队,湖州调查队综合与法规处科员,经济学、经济统计学、会计学、财务管理,1,0,查看,查看,详情,对比
638,国家统计局浙江调查总队,国家统计局浙江调查总队,湖州调查队价格调查处科员,统计学、应用统计学、经济学、经济统计学,1,0,查看,查看,详情,对比
639,国家统计局浙江调查总队,国家统计局浙江调查总队,绍兴调查队业务处室科员1,计算机科学与技术、软件工程、网络工程、信息安全,1,0,查看,查看,详情,对比
640,国家统计局浙江调查总队,国家统计局浙江调查总队,绍兴调查队业务处室科员2,统计学、应用统计学、经济学、经济统计学、国际经济与贸易,1,0,查看,查看,详情,对比
641,国家统计局浙江调查总队,国家统计局浙江调查总队,金华调查队业务处室科员1,统计学、应用统计学、经济学、经济统计学、国际经济与贸易、国民经济管理,1,0,查看,查看,详情,对比
642,国家统计局浙江调查总队,国家统计局浙江调查总队,金华调查队业务处室科员2,统计学、应用统计学、经济学、经济统计学、国际经济与贸易、国民经济管理,1,0,查看,查看,详情,对比
643,国家统计局浙江调查总队,国家统计局浙江调查总队,金华调查队业务处室科员3,统计学、应用统计学、经济学、经济统计学、国际经济与贸易、国民经济管理,1,0,查看,查看,详情,对比
644,国家统计局浙江调查总队,国家统计局浙江调查总队,衢州调查队办公室科员,会计学、财务管理、财政学、审计学,1,0,查看,查看,详情,对比
645,国家统计局浙江调查总队,国家统计局浙江调查总队,衢州调查队综合处科员,统计学、应用统计学、经济学、金融学、数学与应用数学、工商管理,1,0,查看,查看,详情,对比
646,国家统计局浙江调查总队,国家统计局浙江调查总队,衢州调查队业务处室科员,统计学、应用统计学、经济学、金融学、数学与应用数学、工商管理、汉语言文学,2,0,查看,查看,详情,对比
647,国家统计局浙江调查总队,国家统计局浙江调查总队,舟山调查队企业调查与监测处科员,统计学、经济学、经济统计学、金融学、国际经济与贸易、计算机科学与技术、工商管理、会计学,1,0,查看,查看,详情,对比
648,国家统计局浙江调查总队,国家统计局浙江调查总队,台州调查队办公室科员,会计学、财务管理、财政学、审计学,1,0,查看,查看,详情,对比
649,国家统计局浙江调查总队,国家统计局浙江调查总队,台州调查队业务处室科员1,统计学、应用统计学、经济学、经济统计学、金融学、经济与金融、数学与应用数学、会计学,1,0,查看,查看,详情,对比
650,国家统计局浙江调查总队,国家统计局浙江调查总队,台州调查队业务处室科员2,统计学、应用统计学、经济学、经济统计学、金融学、经济与金融、数学与应用数学、会计学,2,0,查看,查看,详情,对比
651,国家统计局浙江调查总队,国家统计局浙江调查总队,台州调查队业务处室科员3,计算机科学与技术、软件工程、网络工程、信息安全,1,0,查看,查看,详情,对比
652,国家统计局浙江调查总队,国家统计局浙江调查总队,丽水调查队农业调查处科员,统计学、应用统计学、经济学、经济统计学、会计学、财务管理、工商管理,1,0,查看,查看,详情,对比
653,国家统计局浙江调查总队,国家统计局浙江调查总队,丽水调查队企业调查和监测处科员,统计学、应用统计学、经济学、经济统计学、会计学、财务管理,1,0,查看,查看,详情,对比
654,国家统计局浙江调查总队,国家统计局浙江调查总队,丽水调查队综合法规处科员,法学、汉语言文学,1,0,查看,查看,详情,对比
655,国家统计局浙江调查总队,国家统计局浙江调查总队,鄞州调查队科员,统计学、应用统计学、经济学、会计学、财务管理、农林经济管理,1,0,查看,查看,详情,对比
656,国家统计局浙江调查总队,国家统计局浙江调查总队,瑞安调查队科员,统计学、应用统计学、经济学、国际经济与贸易、会计学、财务管理,1,0,查看,查看,详情,对比
657,国家统计局浙江调查总队,国家统计局浙江调查总队,永嘉调查队科员,统计学、应用统计学、经济学、国际经济与贸易、汉语言文学,1,0,查看,查看,详情,对比
658,国家统计局浙江调查总队,国家统计局浙江调查总队,嘉善调查队科员1,统计学、应用统计学、经济学、经济统计学、会计学、财务管理、汉语言文学、计算机科学与技术,1,0,查看,查看,详情,对比
659,国家统计局浙江调查总队,国家统计局浙江调查总队,嘉善调查队科员2,统计学、应用统计学、经济学、经济统计学、会计学、财务管理、汉语言文学、计算机科学与技术,1,0,查看,查看,详情,对比
660,国家统计局浙江调查总队,国家统计局浙江调查总队,安吉调查队科员1,经济学类、统计学类、计算机类,1,0,查看,查看,详情,对比
661,国家统计局浙江调查总队,国家统计局浙江调查总队,安吉调查队科员2,统计学、应用统计学、经济学、工商管理、农林经济管理、计算机科学与技术,1,0,查看,查看,详情,对比
662,国家统计局浙江调查总队,国家统计局浙江调查总队,新昌调查队科员,统计学、应用统计学、经济学、会计学、财务管理、计算机科学与技术,1,0,查看,查看,详情,对比
663,国家统计局浙江调查总队,国家统计局浙江调查总队,嵊州调查队科员,统计学、应用统计学、经济学、汉语言文学、财务管理、会计学、工商管理,1,0,查看,查看,详情,对比
664,国家统计局浙江调查总队,国家统计局浙江调查总队,义乌调查队科员1,经济学类、统计学类、计算机类,1,0,查看,查看,详情,对比
665,国家统计局浙江调查总队,国家统计局浙江调查总队,义乌调查队科员2,统计学、应用统计学、经济学、国际经济与贸易、国民经济与管理、财务管理、会计学,1,0,查看,查看,详情,对比
666,国家统计局浙江调查总队,国家统计局浙江调查总队,龙游调查队科员,统计学、应用统计学、经济学、经济统计学、金融学、财务管理、会计学、计算机科学与技术,1,0,查看,查看,详情,对比
667,国家统计局浙江调查总队,国家统计局浙江调查总队,温岭调查队科员,统计学、应用统计学、经济学、经济统计学、会计学、财务管理,1,0,查看,查看,详情,对比
668,国家统计局浙江调查总队,国家统计局浙江调查总队,临海调查队科员,统计学、应用统计学、经济学、会计学、财务管理、汉语言文学,1,0,查看,查看,详情,对比
669,国家统计局浙江调查总队,国家统计局浙江调查总队,龙泉调查队科员,统计学、应用统计学、经济学、汉语言文学、会计学、财务管理、信息与计算机科学,1,0,查看,查看,详情,对比
670,浙江省气象局,浙江省气象局,计划财务处主任科员及以下,会计类、财务管理类、经济管理类,2,0,查看,查看,详情,对比
671,浙江省气象局,浙江省气象局,科技与预报处主任科员及以下,大气科学类、生态学类,2,0,查看,查看,详情,对比
672,浙江省气象局,浙江省气象局,政策法规处主任科员及以下,法学类,1,0,查看,查看,详情,对比
673,浙江省气象局,宁波市气象局,观测与预报处主任科员及以下,大气科学类,1,0,查看,查看,详情,对比
674,浙江省气象局,温州市气象局,减灾与法规科主任科员及以下,大气科学类、法学类,1,0,查看,查看,详情,对比
675,浙江省气象局,温州市气象局,观测与预报科主任科员及以下,大气科学类,1,0,查看,查看,详情,对比
676,浙江省气象局,湖州市气象局,减灾与法规科主任科员及以下,大气科学类、法学类,1,0,查看,查看,详情,对比
677,浙江省气象局,湖州市气象局,观测与预报科主任科员及以下,大气科学类,1,0,查看,查看,详情,对比
678,浙江省气象局,金华市气象局,减灾与法规科主任科员及以下,大气科学类,1,0,查看,查看,详情,对比
679,浙江省气象局,舟山市气象局,观测与预报科主任科员及以下,大气科学类,1,0,查看,查看,详情,对比
680,浙江省气象局,丽水市气象局,减灾与法规科主任科员及以下,大气科学类,2,0,查看,查看,详情,对比
681,浙江省气象局,杭州市萧山区气象局,减灾科科员,大气科学类,1,0,查看,查看,详情,对比
682,浙江省气象局,杭州市临安区气象局,减灾科科员,大气科学类,1,0,查看,查看,详情,对比
683,浙江省气象局,杭州市建德市气象局,减灾科科员,理学类、大气科学类、计算机类,1,0,查看,查看,详情,对比
684,浙江省气象局,杭州市建德市气象局,减灾科科员,大气科学类,1,0,查看,查看,详情,对比
685,浙江省气象局,湖州市德清县气象局,减灾科科员,大气科学类,1,0,查看,查看,详情,对比
686,浙江省气象局,湖州市长兴县气象局,减灾科科员,大气科学类,1,0,查看,查看,详情,对比
687,浙江省气象局,湖州市安吉县气象局,减灾科科员,大气科学类,1,0,查看,查看,详情,对比
688,浙江省气象局,金华市磐安县气象局,减灾科科员,大气科学类,1,0,查看,查看,详情,对比
689,浙江省气象局,丽水市缙云县气象局,减灾科科员,大气科学类,1,0,查看,查看,详情,对比
690,浙江省气象局,丽水市景宁县气象局,减灾科科员,理学类、大气科学类、计算机类,1,0,查看,查看,详情,对比
691,浙江省气象局,丽水市景宁县气象局,减灾科科员,大气科学类,1,0,查看,查看,详情,对比
692,浙江省气象局,丽水市松阳县气象局,减灾科科员,大气科学类,1,0,查看,查看,详情,对比
693,中国银行业监督管理委员会浙江监管局,温州银监分局,监管部门主任科员及以下,经济、金融,3,0,查看,查看,详情,对比
694,中国银行业监督管理委员会浙江监管局,温州银监分局,综合部门主任科员及以下,管理学,1,0,查看,查看,详情,对比
695,中国银行业监督管理委员会浙江监管局,温州银监分局辖内监管办事处,监管部门主任科员及以下,经济、金融,2,0,查看,查看,详情,对比
696,中国银行业监督管理委员会浙江监管局,嘉善监管办事处,监管部门主任科员及以下,经济、金融,1,0,查看,查看,详情,对比
697,中国银行业监督管理委员会浙江监管局,湖州银监分局,法规部门主任科员及以下,法学,1,0,查看,查看,详情,对比
698,中国银行业监督管理委员会浙江监管局,湖州银监分局,信息科技部门主任科员及以下,计算机科学与技术,1,0,查看,查看,详情,对比
699,中国银行业监督管理委员会浙江监管局,长兴监管办事处,监管部门主任科员及以下,经济、金融,1,0,查看,查看,详情,对比
700,中国银行业监督管理委员会浙江监管局,长兴监管办事处,监管部门主任科员及以下,经济、金融,1,0,查看,查看,详情,对比
701,中国银行业监督管理委员会浙江监管局,绍兴银监分局,监管部门主任科员及以下,法学,1,0,查看,查看,详情,对比
702,中国银行业监督管理委员会浙江监管局,诸暨监管办事处,监管部门主任科员及以下,经济、金融,1,0,查看,查看,详情,对比
703,中国银行业监督管理委员会浙江监管局,金华银监分局,综合部门主任科员及以下,经济、金融,1,0,查看,查看,详情,对比
704,中国银行业监督管理委员会浙江监管局,金华银监分局,监管部门主任科员及以下,财务管理、会计学,2,0,查看,查看,详情,对比
705,中国银行业监督管理委员会浙江监管局,金华银监分局,法规部门主任科员及以下,经济法学,1,0,查看,查看,详情,对比
706,中国银行业监督管理委员会浙江监管局,金华银监分局,统计部门主任科员及以下,统计学,1,0,查看,查看,详情,对比
707,中国银行业监督管理委员会浙江监管局,义乌监管办事处,监管部门主任科员及以下,金融学,1,0,查看,查看,详情,对比
708,中国银行业监督管理委员会浙江监管局,永康监管办事处,监管部门主任科员及以下,财务管理、会计学,1,0,查看,查看,详情,对比
709,中国银行业监督管理委员会浙江监管局,衢州银监分局,监管部门主任科员及以下,经济、金融,2,0,查看,查看,详情,对比
710,中国银行业监督管理委员会浙江监管局,衢州银监分局,法规部门主任科员及以下,法学,1,0,查看,查看,详情,对比
711,中国银行业监督管理委员会浙江监管局,衢州银监分局,信息科技部门主任科员及以下,计算机科学与技术,1,0,查看,查看,详情,对比
712,中国银行业监督管理委员会浙江监管局,衢州银监分局辖内监管办事处,监管部门主任科员及以下,经济、金融,2,0,查看,查看,详情,对比
713,中国银行业监督管理委员会浙江监管局,台州银监分局,监管部门主任科员及以下,经济、金融,1,0,查看,查看,详情,对比
714,中国银行业监督管理委员会浙江监管局,台州银监分局,法规部门主任科员及以下,法学,1,0,查看,查看,详情,对比
715,中国银行业监督管理委员会浙江监管局,台州银监分局,信息科技部门主任科员及以下,计算机科学与技术,1,0,查看,查看,详情,对比
716,中国银行业监督管理委员会浙江监管局,临海监管办事处,监管部门主任科员及以下,经济、金融,1,0,查看,查看,详情,对比
717,中国银行业监督管理委员会浙江监管局,丽水银监分局,监管部门主任科员及以下,经济、金融,1,0,查看,查看,详情,对比
718,中国银行业监督管理委员会浙江监管局,青田监管办事处,监管部门主任科员及以下,经济、金融,1,0,查看,查看,详情,对比
719,中国银行业监督管理委员会浙江监管局,舟山银监分局,监管部门主任科员及以下,经济、金融,1,0,查看,查看,详情,对比
720,中国银行业监督管理委员会浙江监管局,舟山银监分局,监管部门主任科员及以下,财务管理、会计学,1,0,查看,查看,详情,对比
721,中国银行业监督管理委员会浙江监管局,普陀监管办事处,监管部门主任科员及以下,财务管理、会计学,1,0,查看,查看,详情,对比
722,中国银行业监督管理委员会浙江监管局,浙江银监局,监管部门主任科员及以下,金融学,3,0,查看,查看,详情,对比
723,中国银行业监督管理委员会浙江监管局,浙江银监局,监管部门主任科员及以下,财务管理、会计学,3,0,查看,查看,详情,对比
724,中国银行业监督管理委员会浙江监管局,浙江银监局,监管部门主任科员及以下,经济法学,2,0,查看,查看,详情,对比
725,中国银行业监督管理委员会浙江监管局,临安监管办事处,监管部门主任科员及以下,经济、金融,1,0,查看,查看,详情,对比
726,中国银行业监督管理委员会浙江监管局,桐庐监管办事处,监管部门主任科员及以下,经济、金融,1,0,查看,查看,详情,对比
727,中国银行业监督管理委员会宁波监管局,宁波银监局,监管部门主任科员及以下,金融学,1,0,查看,查看,详情,对比
728,中国银行业监督管理委员会宁波监管局,宁波银监局,监管部门主任科员及以下,会计学、财务管理,1,0,查看,查看,详情,对比
729,中国银行业监督管理委员会宁波监管局,宁波银监局,法规部门主任科员及以下,法学,2,0,查看,查看,详情,对比
730,中国银行业监督管理委员会宁波监管局,宁波银监局,信息科技部门主任科员及以下,计算机类,2,0,查看,查看,详情,对比
731,中国证券监督管理委员会浙江监管局,中国证券监督管理委员会浙江监管局,辖区会计类监管岗位主任科员及以下,会计学、审计学,3,0,查看,查看,详情,对比
732,中国证券监督管理委员会浙江监管局,中国证券监督管理委员会浙江监管局,辖区法律类监管岗位主任科员及以下,经济法、民商法、行政法,2,0,查看,查看,详情,对比
733,中国证券监督管理委员会浙江监管局,中国证券监督管理委员会浙江监管局,辖区计算机类监管岗位主任科员及以下,计算机科学与技术、软件工程、计算机应用技术、计算机软件与理论,1,0,查看,查看,详情,对比
734,中国证券监督管理委员会宁波监管局,中国证券监督管理委员会宁波监管局,辖区财金类监管岗位主任科员及以下,金融学、经济学、工商管理、国际经济与贸易、金融工程、投资学,1,0,查看,查看,详情,对比
735,中国证券监督管理委员会宁波监管局,中国证券监督管理委员会宁波监管局,辖区会计类监管岗位主任科员及以下,会计类,1,0,查看,查看,详情,对比
736,中国证券监督管理委员会宁波监管局,中国证券监督管理委员会宁波监管局,辖区法律类监管岗位主任科员及以下,法学、民商法学、经济法学、行政法学,1,0,查看,查看,详情,对比
737,中国证券监督管理委员会宁波监管局,中国证券监督管理委员会宁波监管局,辖区计算机类监管岗位主任科员及以下,计算机科学与技术、计算机软件与理论、计算机应用技术、软件工程、网络工程、通信工程,1,0,查看,查看,详情,对比
738,中国保险监督管理委员会浙江监管局,浙江保监局,综合监管岗主任科员及以下,经济、金融、保险类,1,0,查看,查看,详情,对比
739,中国保险监督管理委员会浙江监管局,浙江保监局温州保监分局,综合监管岗科员,财务、会计、审计类,1,0,查看,查看,详情,对比
740,中国保险监督管理委员会浙江监管局,浙江保监局温州保监分局,综合监管岗科员,法律类,1,0,查看,查看,详情,对比
741,中国保险监督管理委员会宁波监管局,宁波保监局,业务监管岗主任科员以下,经济学类,1,0,查看,查看,详情,对比
